-- phpMyAdmin SQL Dump
-- version 4.7.7
-- https://www.phpmyadmin.net/
--
-- Host: 127.0.0.1
-- Generation Time: Jun 15, 2018 at 03:30 PM
-- Server version: 10.1.30-MariaDB
-- PHP Version: 7.2.2

SET SQL_MODE = "NO_AUTO_VALUE_ON_ZERO";
SET AUTOCOMMIT = 0;
START TRANSACTION;
SET time_zone = "+00:00";


/*!40101 SET @OLD_CHARACTER_SET_CLIENT=@@CHARACTER_SET_CLIENT */;
/*!40101 SET @OLD_CHARACTER_SET_RESULTS=@@CHARACTER_SET_RESULTS */;
/*!40101 SET @OLD_COLLATION_CONNECTION=@@COLLATION_CONNECTION */;
/*!40101 SET NAMES utf8mb4 */;

--
-- Database: `eapi`
--

-- --------------------------------------------------------

--
-- Table structure for table `migrations`
--

CREATE TABLE `migrations` (
  `id` int(10) UNSIGNED NOT NULL,
  `migration` varchar(191) COLLATE utf8mb4_unicode_ci NOT NULL,
  `batch` int(11) NOT NULL
) ENGINE=InnoDB DEFAULT CHARSET=utf8mb4 COLLATE=utf8mb4_unicode_ci;

--
-- Dumping data for table `migrations`
--

INSERT INTO `migrations` (`id`, `migration`, `batch`) VALUES
(1, '2014_10_12_000000_create_users_table', 1),
(2, '2014_10_12_100000_create_password_resets_table', 1),
(3, '2018_06_13_073629_create_products_table', 1),
(4, '2018_06_13_073706_create_reviews_table', 1);

-- --------------------------------------------------------

--
-- Table structure for table `password_resets`
--

CREATE TABLE `password_resets` (
  `email` varchar(191) COLLATE utf8mb4_unicode_ci NOT NULL,
  `token` varchar(191) COLLATE utf8mb4_unicode_ci NOT NULL,
  `created_at` timestamp NULL DEFAULT NULL
) ENGINE=InnoDB DEFAULT CHARSET=utf8mb4 COLLATE=utf8mb4_unicode_ci;

-- --------------------------------------------------------

--
-- Table structure for table `products`
--

CREATE TABLE `products` (
  `id` int(10) UNSIGNED NOT NULL,
  `name` varchar(191) COLLATE utf8mb4_unicode_ci NOT NULL,
  `details` text COLLATE utf8mb4_unicode_ci NOT NULL,
  `price` int(11) NOT NULL,
  `stock` int(11) NOT NULL,
  `discount` int(11) NOT NULL,
  `created_at` timestamp NULL DEFAULT NULL,
  `updated_at` timestamp NULL DEFAULT NULL
) ENGINE=InnoDB DEFAULT CHARSET=utf8mb4 COLLATE=utf8mb4_unicode_ci;

--
-- Dumping data for table `products`
--

INSERT INTO `products` (`id`, `name`, `details`, `price`, `stock`, `discount`, `created_at`, `updated_at`) VALUES
(1, 'quo', 'Architecto dolor dolores quia non odio minus et. Animi debitis alias nobis sed adipisci quia exercitationem voluptatem. Ipsam quia in impedit quae. Nihil quae sunt ipsum quisquam distinctio ratione et.', 866, 1, 29, '2018-06-15 08:27:50', '2018-06-15 08:27:50'),
(2, 'eum', 'Rerum voluptatem doloribus in itaque beatae aut et aperiam. Aut sit quia sunt neque molestiae. Ducimus sapiente unde et.', 705, 5, 4, '2018-06-15 08:27:50', '2018-06-15 08:27:50'),
(3, 'reiciendis', 'Qui voluptatem perspiciatis iusto accusamus. Et eaque totam dolor qui sit.', 371, 2, 14, '2018-06-15 08:27:50', '2018-06-15 08:27:50'),
(4, 'provident', 'Laborum enim cum delectus ullam consequatur. Adipisci earum et illum et ea quidem neque at. Earum ut quisquam dicta aut possimus distinctio non aut. Quis amet suscipit illum rerum rerum porro magnam.', 974, 6, 8, '2018-06-15 08:27:50', '2018-06-15 08:27:50'),
(5, 'voluptatem', 'Eaque quibusdam voluptatem quia voluptatem nobis vero provident magnam. Autem qui totam aliquid alias. Reprehenderit similique illo aliquid consectetur. Suscipit doloribus exercitationem libero ad ut sit odit facere.', 904, 2, 17, '2018-06-15 08:27:50', '2018-06-15 08:27:50'),
(6, 'esse', 'Quo quod optio ad quia quo harum. Exercitationem molestiae sunt asperiores laboriosam tempore. Nemo explicabo cumque minima magni quo.', 267, 5, 15, '2018-06-15 08:27:50', '2018-06-15 08:27:50'),
(7, 'nihil', 'Dolores in cumque in nesciunt aut hic qui dolorem. Labore eum et aut officia nam eius atque excepturi. Magni quia est asperiores dolores. Voluptas facere corrupti beatae nesciunt qui accusantium.', 386, 4, 5, '2018-06-15 08:27:50', '2018-06-15 08:27:50'),
(8, 'nisi', 'Quibusdam eligendi magnam aspernatur nobis nemo. Saepe et maiores qui vel architecto iure quasi. Doloremque delectus molestiae porro magnam aut.', 218, 4, 11, '2018-06-15 08:27:50', '2018-06-15 08:27:50'),
(9, 'ullam', 'Labore aut occaecati nulla molestiae harum exercitationem id repellendus. Quae iste voluptatem rerum nisi ad. Vitae magnam labore inventore. Iste aut qui alias magnam.', 228, 7, 4, '2018-06-15 08:27:50', '2018-06-15 08:27:50'),
(10, 'suscipit', 'Magni voluptatibus sit et et. Voluptas rerum quis sint. Quis eos eum temporibus non. Ullam impedit quis nobis voluptatibus aut reprehenderit rerum.', 234, 9, 2, '2018-06-15 08:27:50', '2018-06-15 08:27:50'),
(11, 'et', 'Totam doloremque tempora sit aut nam in asperiores. Ipsum quisquam delectus qui quibusdam assumenda atque omnis. Earum sit ipsa soluta quia quis voluptas quis.', 788, 5, 24, '2018-06-15 08:27:50', '2018-06-15 08:27:50'),
(12, 'tempore', 'Nobis consequuntur qui id repellat. Voluptate quo vitae sapiente expedita sequi quasi quo recusandae. Reprehenderit reprehenderit cum eos a sed dolore eos. Reiciendis a dolorem nobis recusandae et facere aut.', 101, 2, 20, '2018-06-15 08:27:50', '2018-06-15 08:27:50'),
(13, 'et', 'Dicta aut sit et sit sed eligendi. Velit consectetur molestiae ut ut dolorem laboriosam quia sint. Quo ut quam voluptatum in alias non tenetur.', 230, 5, 4, '2018-06-15 08:27:50', '2018-06-15 08:27:50'),
(14, 'magni', 'Dolor autem deserunt suscipit quaerat. Aut ipsam vel porro sit illo assumenda. Sed et maxime delectus quia. Quas quo modi vero optio.', 910, 5, 2, '2018-06-15 08:27:51', '2018-06-15 08:27:51'),
(15, 'explicabo', 'Qui doloribus illo ut facilis impedit. Autem in eum minus numquam ea expedita cumque. Quae explicabo iure qui exercitationem.', 267, 6, 14, '2018-06-15 08:27:51', '2018-06-15 08:27:51'),
(16, 'quia', 'Expedita iste deserunt tempora nesciunt possimus aliquid maiores. Ut consequuntur et vero consequuntur qui dolorem voluptatem ut. Saepe vitae sed ab labore laboriosam. Veritatis quam et aut sunt recusandae eligendi et.', 758, 4, 10, '2018-06-15 08:27:51', '2018-06-15 08:27:51'),
(17, 'nobis', 'Consequatur ut reiciendis soluta fugit. Voluptas qui id voluptas sed molestiae cupiditate quia. Omnis explicabo dolorem nulla a sed qui.', 522, 4, 19, '2018-06-15 08:27:51', '2018-06-15 08:27:51'),
(18, 'aut', 'Dolor in minus tenetur nisi consequatur vero eveniet et. Sapiente sit laboriosam rem. Rerum nisi quia voluptate veritatis ut sed aspernatur.', 140, 1, 23, '2018-06-15 08:27:51', '2018-06-15 08:27:51'),
(19, 'saepe', 'Iure fugit aut quo aut eaque aspernatur repudiandae. Commodi quo sit est sapiente quaerat rerum hic. Est ab sed hic magni. Incidunt consequuntur consectetur molestiae autem qui.', 980, 7, 16, '2018-06-15 08:27:51', '2018-06-15 08:27:51'),
(20, 'distinctio', 'Veniam odit accusantium repellendus quasi quibusdam architecto perferendis. Quia explicabo neque velit ut reiciendis blanditiis. Neque aliquid corrupti in aut error id sint ea.', 330, 9, 17, '2018-06-15 08:27:51', '2018-06-15 08:27:51'),
(21, 'nihil', 'Aut magni ducimus esse sunt. Sit maxime culpa et illum officiis. Iste doloribus ut eos aspernatur. Recusandae aut minima numquam qui et ea et.', 628, 1, 14, '2018-06-15 08:27:51', '2018-06-15 08:27:51'),
(22, 'quasi', 'Quo magni inventore modi delectus fugit. Ipsum libero rerum saepe dolor ut fugit explicabo est.', 776, 3, 16, '2018-06-15 08:27:51', '2018-06-15 08:27:51'),
(23, 'rem', 'Quod libero quos dolorem sed repellendus sit consequatur. Consectetur qui repellat harum eos. Molestias quasi qui qui.', 445, 9, 22, '2018-06-15 08:27:51', '2018-06-15 08:27:51'),
(24, 'natus', 'Et voluptate et sunt dolor sed. Unde velit qui dolores repellendus. Eius voluptas et itaque hic sed excepturi. Magnam at impedit similique quis.', 336, 9, 20, '2018-06-15 08:27:51', '2018-06-15 08:27:51'),
(25, 'maiores', 'Non quas repellendus quidem quisquam aut. Officia sit autem animi numquam cumque.', 876, 4, 3, '2018-06-15 08:27:51', '2018-06-15 08:27:51'),
(26, 'ut', 'Rerum itaque repellat aut et eveniet dolorem. Et fuga dolores id cumque doloremque voluptatem. Neque cumque minus autem dolor ipsum sunt. Veniam ullam aut ad vitae qui.', 974, 4, 16, '2018-06-15 08:27:51', '2018-06-15 08:27:51'),
(27, 'sequi', 'Non eius dolorem non reiciendis esse. Sapiente assumenda consequatur delectus quidem qui. Facilis ipsa assumenda autem et accusantium.', 193, 1, 19, '2018-06-15 08:27:51', '2018-06-15 08:27:51'),
(28, 'quae', 'Est repellendus aspernatur odio. Ipsum consectetur quasi culpa porro voluptatem. Eveniet ut aliquam qui similique. Itaque et praesentium consequatur rerum est eum.', 224, 1, 4, '2018-06-15 08:27:51', '2018-06-15 08:27:51'),
(29, 'et', 'Consequatur numquam tempora ad aut. Voluptas ut consequatur eaque enim dolor eaque aut laborum.', 623, 7, 18, '2018-06-15 08:27:51', '2018-06-15 08:27:51'),
(30, 'delectus', 'Sapiente explicabo itaque sit commodi id nisi. Rerum aspernatur expedita illum et ut tenetur. Laudantium enim temporibus ut.', 905, 3, 25, '2018-06-15 08:27:51', '2018-06-15 08:27:51'),
(31, 'in', 'Non consequatur qui temporibus corrupti pariatur recusandae harum cum. Est consequatur voluptates est labore eum voluptates ex. Id non assumenda enim assumenda molestias vel modi. Eum est impedit tempora hic.', 363, 5, 2, '2018-06-15 08:27:51', '2018-06-15 08:27:51'),
(32, 'consequatur', 'Qui consectetur qui aut aliquid accusamus et. Soluta dolor culpa consequatur eaque dolores. Omnis dolores eius accusamus voluptatem.', 258, 9, 25, '2018-06-15 08:27:51', '2018-06-15 08:27:51'),
(33, 'repudiandae', 'Voluptas dolore fugiat qui doloremque expedita voluptatem voluptas. Aut voluptatibus qui eius sed debitis dolores qui. Dolorem soluta quis et voluptas.', 124, 1, 2, '2018-06-15 08:27:51', '2018-06-15 08:27:51'),
(34, 'sit', 'Praesentium fugit error quisquam voluptate rerum error voluptatum. Eligendi enim quam explicabo et. Dolorum perspiciatis aut veniam.', 445, 7, 10, '2018-06-15 08:27:51', '2018-06-15 08:27:51'),
(35, 'quia', 'Blanditiis et beatae doloribus quis sapiente. Sit facere rerum mollitia eaque molestias quaerat. Voluptates similique debitis aperiam molestiae aut ab rerum.', 213, 7, 27, '2018-06-15 08:27:52', '2018-06-15 08:27:52'),
(36, 'unde', 'Blanditiis reiciendis inventore sed et quo id. Eius sed maiores non aspernatur. Expedita minus voluptatibus unde ut sed maxime. Possimus error enim vel asperiores nemo tenetur.', 697, 5, 20, '2018-06-15 08:27:52', '2018-06-15 08:27:52'),
(37, 'provident', 'Et ut eos sint rerum ipsum. Aut et sit aut est. Odit illo sequi et magnam quo error. Dolorum sint eum dicta voluptates maxime adipisci animi.', 277, 8, 18, '2018-06-15 08:27:52', '2018-06-15 08:27:52'),
(38, 'sed', 'Natus iure occaecati minus animi. Laudantium dignissimos totam omnis itaque corrupti. Et et aliquid sed voluptatem. Aliquam qui est debitis suscipit odio.', 146, 2, 5, '2018-06-15 08:27:52', '2018-06-15 08:27:52'),
(39, 'voluptatem', 'Voluptate et doloribus ea. Totam dolores voluptates et recusandae mollitia enim eligendi. Qui illo sed facilis maiores quos. Aut illo voluptatem dolore rerum beatae nihil.', 924, 7, 18, '2018-06-15 08:27:52', '2018-06-15 08:27:52'),
(40, 'porro', 'Quae enim rem eligendi voluptates. Consequatur autem dolor deserunt qui perspiciatis dignissimos. Nihil doloribus quisquam commodi aut temporibus.', 829, 4, 17, '2018-06-15 08:27:52', '2018-06-15 08:27:52'),
(41, 'alias', 'Explicabo doloribus nulla voluptatem eius incidunt suscipit praesentium qui. Maxime corporis tempora officiis porro possimus. Nulla voluptatem dolorem quo assumenda dolore. Dolores rem sunt voluptates totam.', 746, 5, 15, '2018-06-15 08:27:52', '2018-06-15 08:27:52'),
(42, 'eos', 'Iusto eius ipsum eum voluptatem voluptas omnis earum. Cum maxime dolor et voluptatem laudantium et. Qui placeat ipsum necessitatibus autem nihil a.', 410, 8, 23, '2018-06-15 08:27:52', '2018-06-15 08:27:52'),
(43, 'cum', 'Saepe aut quidem qui. Laboriosam id voluptatibus maiores sed aut optio architecto. Autem asperiores laboriosam eum voluptates sed.', 984, 8, 22, '2018-06-15 08:27:52', '2018-06-15 08:27:52'),
(44, 'eaque', 'Odit amet eius ratione ut. Est nisi amet aut animi nulla est dolorem. Recusandae magni quam itaque dolor adipisci et cum.', 107, 3, 14, '2018-06-15 08:27:52', '2018-06-15 08:27:52'),
(45, 'officiis', 'Magni vitae ex repellat voluptatibus autem a numquam. Aperiam illo in sit sed laborum nisi ut. Sint nobis qui unde dolor qui corporis.', 729, 2, 3, '2018-06-15 08:27:52', '2018-06-15 08:27:52'),
(46, 'eaque', 'Temporibus suscipit ipsa quo. Ipsum blanditiis dolor consequuntur error praesentium sed. Quidem quia doloribus et dicta. Cupiditate quidem impedit est eum explicabo eos.', 150, 4, 11, '2018-06-15 08:27:52', '2018-06-15 08:27:52'),
(47, 'delectus', 'Nihil porro ad omnis qui in. Et ut beatae error minus molestiae. Velit et dolore totam dicta omnis neque doloribus. Esse iste est pariatur id vel molestias aliquid.', 667, 0, 21, '2018-06-15 08:27:52', '2018-06-15 08:27:52'),
(48, 'deserunt', 'Et qui eos aut natus at. Ratione quos eos dignissimos dolores sunt quia molestiae. Fugiat libero accusantium quo officiis beatae necessitatibus id.', 291, 8, 4, '2018-06-15 08:27:52', '2018-06-15 08:27:52'),
(49, 'voluptas', 'Explicabo consequatur doloribus dolorem praesentium soluta sed perspiciatis. Cumque aliquid officia id nihil. Sint aut sit rerum. Cumque sed ea quia excepturi ipsum. Odio inventore sequi necessitatibus quia tempore et modi.', 128, 3, 14, '2018-06-15 08:27:52', '2018-06-15 08:27:52'),
(50, 'reiciendis', 'Corporis quisquam qui et eum unde asperiores nesciunt enim. Quos eligendi rerum labore itaque debitis omnis. Fugit et repudiandae reprehenderit id.', 327, 2, 20, '2018-06-15 08:27:52', '2018-06-15 08:27:52');

-- --------------------------------------------------------

--
-- Table structure for table `reviews`
--

CREATE TABLE `reviews` (
  `id` int(10) UNSIGNED NOT NULL,
  `product_id` int(10) UNSIGNED NOT NULL,
  `customer` varchar(191) COLLATE utf8mb4_unicode_ci NOT NULL,
  `review` text COLLATE utf8mb4_unicode_ci NOT NULL,
  `star` int(11) NOT NULL,
  `created_at` timestamp NULL DEFAULT NULL,
  `updated_at` timestamp NULL DEFAULT NULL
) ENGINE=InnoDB DEFAULT CHARSET=utf8mb4 COLLATE=utf8mb4_unicode_ci;

--
-- Dumping data for table `reviews`
--

INSERT INTO `reviews` (`id`, `product_id`, `customer`, `review`, `star`, `created_at`, `updated_at`) VALUES
(1, 36, 'Flavio Bruen', 'Dolores culpa voluptatem saepe ut non qui et. Quia qui laudantium quia voluptas expedita perferendis. Dolores voluptatum vero magnam aperiam deserunt quis. Ut in mollitia quia dolor officia eaque. Ea delectus ipsa in.', 0, '2018-06-15 08:27:54', '2018-06-15 08:27:54'),
(2, 10, 'Retha Daugherty', 'Non eligendi qui est reiciendis vitae impedit eum ea. Eveniet voluptates ut aut porro. Molestiae ea dicta quo occaecati. Ad est ut aliquam rerum qui laborum ut.', 3, '2018-06-15 08:27:54', '2018-06-15 08:27:54'),
(3, 33, 'Tiara Okuneva', 'Aut quae nihil ea sequi. Eum iure placeat distinctio ea qui et quibusdam. Vero non aut fugiat. Cum excepturi quia nulla eum reiciendis culpa. Aut temporibus possimus impedit voluptas.', 5, '2018-06-15 08:27:54', '2018-06-15 08:27:54'),
(4, 7, 'Brendan Torphy PhD', 'Culpa cumque et et enim libero perferendis. Architecto commodi adipisci qui ad qui aperiam ab. Ab adipisci cumque quisquam quibusdam quam voluptas.', 1, '2018-06-15 08:27:54', '2018-06-15 08:27:54'),
(5, 26, 'Dr. Maryse Grady MD', 'Laboriosam dicta facilis ipsa iste aut molestias. Neque optio repellendus magni qui tenetur. Dolor quae nulla ex molestiae quae.', 5, '2018-06-15 08:27:54', '2018-06-15 08:27:54'),
(6, 20, 'Dr. Era Schmitt V', 'Consequatur voluptatibus eveniet ex quo. Error et voluptatem ut cupiditate rem dolor quae. Minus neque veritatis adipisci.', 2, '2018-06-15 08:27:54', '2018-06-15 08:27:54'),
(7, 44, 'Prof. Garfield Walker DDS', 'Animi ut quia velit. Similique sapiente commodi et officiis quod debitis. Hic qui aliquid id molestiae et. Odio voluptatibus quasi sunt sit consequatur. Ut est id nobis.', 0, '2018-06-15 08:27:54', '2018-06-15 08:27:54'),
(8, 44, 'Moriah Collins', 'Error saepe eveniet et totam. Labore asperiores non laudantium velit voluptates. Dolores voluptas dolorum ipsa velit in velit velit eius. Id veniam velit blanditiis.', 1, '2018-06-15 08:27:54', '2018-06-15 08:27:54'),
(9, 27, 'Cordie Schimmel', 'Rem est ipsum fugit dolore. Cum ad corporis vel ipsum in. Ut dignissimos sunt nostrum enim qui rerum dolorem.', 2, '2018-06-15 08:27:54', '2018-06-15 08:27:54'),
(10, 5, 'Torey Beier', 'Voluptatem ad est omnis non aut reprehenderit excepturi. Impedit quia earum a rerum sequi. Itaque inventore suscipit dicta ex earum ut necessitatibus. Nemo autem non est rem minus reiciendis veritatis.', 2, '2018-06-15 08:27:54', '2018-06-15 08:27:54'),
(11, 24, 'Ollie Denesik', 'Minima maxime labore quae fuga et asperiores necessitatibus. Laudantium saepe rerum possimus optio ex. Quasi explicabo assumenda libero deleniti voluptatem quos.', 1, '2018-06-15 08:27:54', '2018-06-15 08:27:54'),
(12, 24, 'Dr. Bernardo Dicki', 'Aliquam dolorem consequatur quidem aliquid aut et dolor. Et autem esse molestiae voluptatum cupiditate. Nobis unde sint itaque et.', 5, '2018-06-15 08:27:54', '2018-06-15 08:27:54'),
(13, 6, 'Maxie Hudson', 'Placeat debitis recusandae et enim quis iusto numquam fugiat. Nam voluptates sunt iste quod rerum molestias. Impedit ex adipisci quasi quas ducimus praesentium temporibus. Voluptatem et eos vel doloremque.', 0, '2018-06-15 08:27:54', '2018-06-15 08:27:54'),
(14, 21, 'Rosina Gusikowski', 'Eum aut eligendi soluta. Officiis facilis minima omnis et voluptas cupiditate.', 5, '2018-06-15 08:27:54', '2018-06-15 08:27:54'),
(15, 47, 'Joany Streich', 'Eius omnis quidem similique est neque repudiandae. Est quia voluptatem eos. Ea autem ut voluptatibus et omnis quod quam deleniti. Et debitis totam ut quis natus aut.', 1, '2018-06-15 08:27:54', '2018-06-15 08:27:54'),
(16, 25, 'Rozella Carter', 'Deserunt et inventore et tenetur quia. Consequuntur repudiandae et et quod dolorem reprehenderit. Magnam itaque aspernatur repellat.', 3, '2018-06-15 08:27:54', '2018-06-15 08:27:54'),
(17, 40, 'Juwan Ebert', 'Iure cupiditate id sunt recusandae. Dolore dolores sint maxime consequatur ullam. Earum necessitatibus dolores aut est at. Voluptatem quod aut laboriosam.', 2, '2018-06-15 08:27:54', '2018-06-15 08:27:54'),
(18, 37, 'Dr. Christ Bernier', 'Eos iste nisi quasi odio sed repudiandae. Earum itaque ea accusamus doloremque enim amet. Voluptatem placeat aut enim praesentium cum enim. Qui quis cum et deleniti velit.', 5, '2018-06-15 08:27:54', '2018-06-15 08:27:54'),
(19, 40, 'Macy Pollich', 'Repudiandae vel et quidem rerum et est ea. Aut aspernatur et assumenda temporibus. Quo asperiores non sint eligendi odit quam minus expedita.', 4, '2018-06-15 08:27:54', '2018-06-15 08:27:54'),
(20, 46, 'Juliet Miller', 'Corrupti velit a id repellendus. Nobis quae esse accusamus non. Cupiditate nisi dignissimos ut est sit quas.', 0, '2018-06-15 08:27:54', '2018-06-15 08:27:54'),
(21, 25, 'Lempi Wisozk', 'Voluptatum accusamus et libero voluptatem autem dolor qui et. Facilis accusantium qui ut iste mollitia.', 2, '2018-06-15 08:27:54', '2018-06-15 08:27:54'),
(22, 33, 'Lesly Adams', 'Natus nihil dolorem sed. Maiores commodi officia omnis magni libero. Ipsam aperiam sit sint suscipit aspernatur qui magni.', 5, '2018-06-15 08:27:54', '2018-06-15 08:27:54'),
(23, 32, 'Dulce Will', 'Est sit cupiditate facere quidem. Voluptas enim assumenda qui qui qui ullam. Sunt expedita animi exercitationem delectus. Nihil doloremque et quidem quaerat rerum quas voluptatem. Sapiente tempora nesciunt consectetur quasi quibusdam voluptates fugit dolor.', 4, '2018-06-15 08:27:54', '2018-06-15 08:27:54'),
(24, 16, 'Tobin Purdy', 'Ad beatae dolores modi magni necessitatibus necessitatibus aspernatur. Voluptas optio consequuntur eum dolorum nemo consectetur. Ratione non unde voluptatem quia. Beatae ut veritatis explicabo eaque ea deserunt sint cum.', 0, '2018-06-15 08:27:54', '2018-06-15 08:27:54'),
(25, 46, 'Madyson Hegmann', 'Quaerat consequatur recusandae ex eius omnis nam. Quis adipisci laboriosam nam voluptas minima voluptatem. Aspernatur sapiente omnis assumenda ex. Pariatur vero enim odio ut atque.', 5, '2018-06-15 08:27:54', '2018-06-15 08:27:54'),
(26, 11, 'Loraine Johnson', 'Cumque et dolorem numquam doloremque. Modi error et debitis debitis aliquam. Quam libero magni quia animi tempore occaecati.', 3, '2018-06-15 08:27:54', '2018-06-15 08:27:54'),
(27, 36, 'Sadye Purdy', 'Rem dolor non ut dolor ab quod quis. Delectus dolorum aut culpa quis et sunt. Ad possimus aut non atque eos natus fugiat.', 5, '2018-06-15 08:27:54', '2018-06-15 08:27:54'),
(28, 27, 'Katelynn Volkman', 'Et ratione doloribus corporis cupiditate illum nesciunt consequatur rerum. Fuga voluptatem est sed eos ullam ipsum. Et quia dicta ex omnis eius assumenda.', 2, '2018-06-15 08:27:55', '2018-06-15 08:27:55'),
(29, 19, 'Miss Margarita Runolfsson DVM', 'Omnis quis nisi id ea et. Dolor suscipit temporibus et et laborum. Ex quia ducimus in sunt labore dolorum deserunt. Aut veritatis rerum vel voluptatem et est.', 3, '2018-06-15 08:27:55', '2018-06-15 08:27:55'),
(30, 40, 'Patricia Collins', 'Minus sequi voluptas sint eveniet similique dicta. Voluptas necessitatibus iure et possimus.', 4, '2018-06-15 08:27:55', '2018-06-15 08:27:55'),
(31, 22, 'Dorothy Wolff', 'Accusantium praesentium eaque nam veritatis. Placeat id et temporibus in. Maiores praesentium quo blanditiis quia natus consequatur sit quia. Dolorem qui magni non ad dolores culpa.', 4, '2018-06-15 08:27:55', '2018-06-15 08:27:55'),
(32, 3, 'Dr. Barry Reynolds', 'Quisquam sunt similique autem vel voluptatem. Nemo eius harum quam explicabo pariatur dicta architecto labore. Veritatis officiis dicta eos est provident. Ex quasi rem totam et.', 3, '2018-06-15 08:27:55', '2018-06-15 08:27:55'),
(33, 4, 'Leone Bergnaum DDS', 'Et quis odio quas dolores ad. Et et debitis veniam corrupti numquam. Aut a iure voluptates vitae occaecati harum possimus.', 1, '2018-06-15 08:27:55', '2018-06-15 08:27:55'),
(34, 23, 'Mr. Kelley Upton', 'Inventore et iusto officia dolorum. Dolor nobis sed aperiam quo reprehenderit est qui. Blanditiis dolores doloribus magni quia voluptas distinctio omnis. Quisquam nobis esse nihil porro rem aut quia quia.', 1, '2018-06-15 08:27:55', '2018-06-15 08:27:55'),
(35, 40, 'Ms. Dortha Rice', 'Perspiciatis et laboriosam aut quo. Atque reiciendis odio non optio qui asperiores voluptatibus.', 1, '2018-06-15 08:27:55', '2018-06-15 08:27:55'),
(36, 37, 'Wilton Will', 'Qui recusandae aspernatur sit. Blanditiis animi voluptas repellendus ipsum officiis atque harum. Qui veritatis deserunt consequatur et rerum incidunt sed.', 4, '2018-06-15 08:27:55', '2018-06-15 08:27:55'),
(37, 10, 'Hilda Kuvalis', 'Necessitatibus molestiae ullam incidunt qui. Animi est quo tempore praesentium id.', 2, '2018-06-15 08:27:55', '2018-06-15 08:27:55'),
(38, 17, 'Belle Waelchi', 'Et ea dolores autem libero repudiandae harum. Excepturi hic totam facilis repellat. Natus velit veniam voluptatum.', 4, '2018-06-15 08:27:55', '2018-06-15 08:27:55'),
(39, 31, 'Concepcion Walsh', 'Harum vel vero est et et vitae tenetur. Ut voluptate facere alias quos cum. Similique quia sit repellat commodi unde molestias.', 1, '2018-06-15 08:27:55', '2018-06-15 08:27:55'),
(40, 23, 'Willy Bode', 'Et optio omnis laborum alias. Doloribus atque porro ut repellat tempore non ea. Molestiae veritatis iusto totam tempora laboriosam quibusdam. Aut reiciendis necessitatibus minus velit qui laborum.', 2, '2018-06-15 08:27:55', '2018-06-15 08:27:55'),
(41, 28, 'Prof. Jan Adams', 'Ipsum voluptates molestiae voluptas quam. Facere quo eius nesciunt voluptatem explicabo laudantium. Consectetur eum tempore sed debitis. Harum et facere explicabo impedit nam expedita iste.', 1, '2018-06-15 08:27:55', '2018-06-15 08:27:55'),
(42, 8, 'Americo Emard', 'Corrupti nemo modi modi consequuntur voluptatum a debitis nobis. Ipsam quia id ut aut numquam placeat dolores.', 5, '2018-06-15 08:27:55', '2018-06-15 08:27:55'),
(43, 12, 'Miss Maryjane Becker PhD', 'Suscipit quod nemo nulla. Accusantium quod odio a nihil veniam iste. Excepturi rerum veniam non qui. Beatae exercitationem rem aut quia velit.', 5, '2018-06-15 08:27:55', '2018-06-15 08:27:55'),
(44, 19, 'Savion Ondricka', 'Provident neque eaque doloremque perferendis. Sint odio tempore eos ut. Voluptatibus reiciendis neque vel quidem sed.', 1, '2018-06-15 08:27:55', '2018-06-15 08:27:55'),
(45, 31, 'Aniya Schultz', 'Maxime nisi dolores tenetur. Aut soluta dolorem voluptas repellendus est similique. Cupiditate placeat in ut nulla dolorem. Alias delectus reprehenderit quos facere iusto.', 2, '2018-06-15 08:27:55', '2018-06-15 08:27:55'),
(46, 6, 'Anais McLaughlin', 'Culpa modi accusantium iusto et consequuntur et qui. Sit aut quibusdam odit iste possimus quam eveniet. Facilis atque possimus molestiae recusandae sed ut. Quisquam et corporis architecto aut. Ea corporis quasi quis vitae sint ut.', 0, '2018-06-15 08:27:55', '2018-06-15 08:27:55'),
(47, 1, 'Dr. Maryam Purdy', 'Pariatur quos aspernatur et rerum rerum quidem. Et reiciendis facilis autem necessitatibus laboriosam dolore illum voluptas. Dolor incidunt quo velit occaecati. Numquam tenetur ex praesentium error.', 3, '2018-06-15 08:27:55', '2018-06-15 08:27:55'),
(48, 6, 'Yvonne Hermann', 'Soluta tempora non quos sint. Pariatur et nihil aliquid magni sed voluptatem. Rem perferendis adipisci debitis in autem. Et voluptatem qui nobis quia.', 5, '2018-06-15 08:27:55', '2018-06-15 08:27:55'),
(49, 29, 'Adella Cole', 'Maiores quis hic laborum. Ipsam sint tempora omnis possimus. Odit necessitatibus atque ratione harum minima.', 2, '2018-06-15 08:27:55', '2018-06-15 08:27:55'),
(50, 13, 'Ebba Stoltenberg', 'Voluptates consequatur fugit aut unde. Voluptas esse quia nihil esse. Sed error illo eos maxime temporibus fuga.', 0, '2018-06-15 08:27:55', '2018-06-15 08:27:55'),
(51, 23, 'Mike Davis', 'Consequatur asperiores labore error dolore. Sapiente dignissimos omnis nemo amet optio. Inventore iste error quos cum. Ad laudantium repellendus provident consequatur illum.', 2, '2018-06-15 08:27:55', '2018-06-15 08:27:55'),
(52, 45, 'Prof. Sydni Jones IV', 'Consequuntur minima eligendi ea. Expedita vel rerum alias sit. Deleniti consequatur culpa dolorem laboriosam. Eum delectus inventore officiis esse dolor.', 0, '2018-06-15 08:27:55', '2018-06-15 08:27:55'),
(53, 43, 'Ms. Rosa Schamberger', 'Qui enim culpa odit nemo. Provident fugit iusto et error perspiciatis occaecati. Id repellendus voluptatem excepturi. Velit aut aut voluptatem dolorum et. Sed ut nam beatae ea inventore magnam.', 0, '2018-06-15 08:27:55', '2018-06-15 08:27:55'),
(54, 18, 'Raphaelle Kiehn', 'Dignissimos labore quia veritatis eos qui blanditiis qui. Vero ea odit necessitatibus commodi consectetur quia. Earum numquam temporibus delectus dolores.', 5, '2018-06-15 08:27:56', '2018-06-15 08:27:56'),
(55, 10, 'Jennie Wilkinson MD', 'Dolorem veniam consequatur qui voluptatibus rerum. Mollitia quasi et enim dolores maiores debitis doloribus. Delectus et sequi neque dolore et. Enim facere omnis tenetur quasi asperiores.', 0, '2018-06-15 08:27:56', '2018-06-15 08:27:56'),
(56, 6, 'Ezra Orn', 'Natus commodi laudantium qui. Consectetur alias quidem doloremque quod inventore quisquam. Consequatur consequatur accusantium fugit ipsam.', 1, '2018-06-15 08:27:56', '2018-06-15 08:27:56'),
(57, 22, 'Jackeline Fahey DDS', 'Aliquam veritatis omnis blanditiis ea qui optio. Cupiditate qui dolores accusantium animi est nostrum soluta. Aspernatur odit molestiae inventore.', 1, '2018-06-15 08:27:56', '2018-06-15 08:27:56'),
(58, 3, 'Soledad Gutmann', 'Ipsum nam reiciendis occaecati facere molestiae doloremque ut rerum. Fugit deserunt ut porro quod saepe. Quasi libero eius iste neque.', 2, '2018-06-15 08:27:56', '2018-06-15 08:27:56'),
(59, 15, 'Christa Osinski', 'Non vel quam amet et. Quia distinctio consequuntur autem delectus modi minus eligendi. Rem beatae qui vel sed totam aliquid dolores velit. Minus et pariatur sit.', 4, '2018-06-15 08:27:56', '2018-06-15 08:27:56'),
(60, 34, 'Rick Rath', 'Alias rerum ullam perspiciatis error eveniet quidem. Ut tempore rerum consequatur neque quam non esse. Quia odit nam consequatur minima esse similique modi.', 0, '2018-06-15 08:27:56', '2018-06-15 08:27:56'),
(61, 23, 'Mr. Karley Fahey II', 'In quae aspernatur et molestias illum sit. Expedita aut consequuntur qui est error. Provident distinctio quidem itaque voluptatem eum.', 3, '2018-06-15 08:27:56', '2018-06-15 08:27:56'),
(62, 31, 'Mrs. Dayana Kuhn V', 'Tempore ut aspernatur neque facilis. Ut qui assumenda quia sapiente. Animi nesciunt nihil dicta itaque. Veniam mollitia voluptas quis inventore excepturi sint.', 2, '2018-06-15 08:27:56', '2018-06-15 08:27:56'),
(63, 49, 'Lizzie Crist', 'Nobis ipsam asperiores sit voluptates libero. Cumque dolorem repellendus dolorem expedita. Illum ut aut velit qui. Molestias officiis sit voluptatibus sequi.', 2, '2018-06-15 08:27:56', '2018-06-15 08:27:56'),
(64, 38, 'Lester Kunze', 'Tempore possimus cumque alias in dolore velit. Est sunt facere et ad. Repellat ratione voluptate dolor numquam sapiente.', 1, '2018-06-15 08:27:56', '2018-06-15 08:27:56'),
(65, 32, 'Dr. Crawford Krajcik V', 'Fuga beatae quisquam et odit et quia. Pariatur aliquam et distinctio eligendi commodi provident et. Numquam consequuntur dolorem qui quae hic doloribus. Id minus magni tempora est fuga autem. Provident ut itaque est totam.', 2, '2018-06-15 08:27:56', '2018-06-15 08:27:56'),
(66, 34, 'Prof. Crystel Kerluke', 'Vel quas iusto dolor facilis aut omnis. Nemo omnis assumenda delectus enim autem. Magnam sunt voluptatum non corporis et.', 1, '2018-06-15 08:27:56', '2018-06-15 08:27:56'),
(67, 16, 'Taurean Carter', 'Dignissimos perspiciatis tenetur ut aut. Necessitatibus et beatae quasi molestiae saepe. Corporis et non eos optio et consequatur vero. Qui accusantium neque assumenda omnis dolorem commodi error.', 2, '2018-06-15 08:27:56', '2018-06-15 08:27:56'),
(68, 17, 'Prof. Bernardo Raynor', 'Omnis soluta optio ex amet. Voluptatum nostrum et pariatur quasi quam voluptas. Suscipit quis sint id. Voluptas autem quia autem molestiae corporis nemo aut quas. Fugit et magnam suscipit dicta labore ut quas.', 1, '2018-06-15 08:27:56', '2018-06-15 08:27:56'),
(69, 41, 'Calista Corwin', 'Molestias quos tenetur eum est eos porro. Quos est consequatur corrupti. Quasi explicabo voluptatem recusandae est sapiente. Cumque exercitationem tempore doloremque vitae necessitatibus cum cum quod.', 3, '2018-06-15 08:27:56', '2018-06-15 08:27:56'),
(70, 42, 'Dr. Carmel Toy', 'Quia facere facilis natus laborum quia. Neque fuga laudantium a sit corporis est nostrum. Dolorum eos alias ea magnam odio temporibus omnis. Reprehenderit in distinctio atque dolor est distinctio.', 1, '2018-06-15 08:27:56', '2018-06-15 08:27:56'),
(71, 43, 'Mr. Manuela Leuschke', 'Aut placeat illum est tempora. Quod ut aspernatur quidem eius exercitationem excepturi facere. Fuga repellendus fugit non. Doloremque rem ut optio commodi.', 4, '2018-06-15 08:27:56', '2018-06-15 08:27:56'),
(72, 31, 'Keenan Schimmel', 'Quam ea cumque voluptas. Sed vero modi rerum nobis aut. Voluptate temporibus qui quo laudantium cumque. Vel quia inventore alias. Accusamus et beatae quidem atque nemo modi.', 0, '2018-06-15 08:27:56', '2018-06-15 08:27:56'),
(73, 21, 'Reggie Veum', 'Magnam quae voluptatibus eligendi fugiat et. Sunt autem eum cumque voluptatem dolor voluptatem necessitatibus autem. Qui et ut sit qui sint dolore velit.', 1, '2018-06-15 08:27:56', '2018-06-15 08:27:56'),
(74, 50, 'Gerda Koepp', 'Neque tenetur eos magnam quae libero alias qui. Dolorum numquam quia odit dicta. Explicabo sed incidunt dolorem corporis occaecati perferendis. Voluptas dicta facere beatae perferendis et repellat perferendis qui.', 2, '2018-06-15 08:27:56', '2018-06-15 08:27:56'),
(75, 16, 'Dr. Jaylan Greenholt', 'Tenetur labore architecto non. Ratione unde labore deserunt nemo harum blanditiis et. Labore earum qui asperiores dolores nihil ad repellendus. Natus consequuntur dolor quia.', 4, '2018-06-15 08:27:56', '2018-06-15 08:27:56'),
(76, 23, 'Maida Schiller', 'Aperiam accusantium ut maxime placeat in aut harum fugiat. Quidem natus voluptatem temporibus ea enim molestias.', 2, '2018-06-15 08:27:56', '2018-06-15 08:27:56'),
(77, 36, 'Miss Shannon Barton DVM', 'Delectus error corrupti perspiciatis deserunt molestias. Sed aut quia distinctio eos nulla in. Eos ut vero quasi minus quisquam et quos. Voluptatem ducimus sunt temporibus quibusdam sapiente consequatur.', 1, '2018-06-15 08:27:56', '2018-06-15 08:27:56'),
(78, 47, 'Jose Bins III', 'Culpa voluptas id corrupti magni iusto eum. Eligendi earum dolor occaecati aliquid explicabo. Explicabo temporibus veniam in saepe similique laboriosam praesentium corporis. Minima neque et blanditiis consectetur voluptas.', 0, '2018-06-15 08:27:56', '2018-06-15 08:27:56'),
(79, 12, 'Asa Bernhard DDS', 'Consequatur deserunt sed dolores et porro debitis. Nam mollitia omnis voluptatem enim ut. Omnis suscipit possimus omnis eos sint.', 5, '2018-06-15 08:27:57', '2018-06-15 08:27:57'),
(80, 3, 'Ladarius Hintz', 'Rerum blanditiis labore error voluptas reiciendis culpa quia. Maiores perferendis minima quo distinctio laudantium consequatur ratione modi. Sed placeat delectus sit corrupti ratione et in dolor.', 1, '2018-06-15 08:27:57', '2018-06-15 08:27:57'),
(81, 47, 'Krystina Kautzer', 'Minus dolorem iste veniam debitis quos fugit architecto. Aspernatur dolores dicta quia libero perspiciatis dolore. Atque aspernatur a nihil est voluptatem vel. Vitae qui et pariatur.', 1, '2018-06-15 08:27:57', '2018-06-15 08:27:57'),
(82, 14, 'Jerel Pacocha', 'Dolorem perferendis autem et possimus qui eaque perferendis. Enim eveniet aut voluptatem deleniti doloribus. Quaerat voluptas accusantium voluptas omnis iste. Deleniti nihil facere vitae ab et delectus.', 3, '2018-06-15 08:27:57', '2018-06-15 08:27:57'),
(83, 21, 'Mr. Reagan Osinski II', 'Odit consectetur voluptates minus nesciunt. Fugit magnam nobis et error animi qui et. Veniam eius in voluptate sapiente dolorum animi ipsam.', 1, '2018-06-15 08:27:57', '2018-06-15 08:27:57'),
(84, 15, 'Dr. Hilbert Lebsack', 'Dolorem dolores asperiores optio minus dignissimos. Voluptatibus doloribus tempore nemo. Quos nobis ipsa aspernatur aspernatur. Exercitationem nostrum consequuntur eum.', 3, '2018-06-15 08:27:57', '2018-06-15 08:27:57'),
(85, 14, 'Roxane Conn', 'Recusandae laudantium iste temporibus accusamus rerum dolorem. Vitae autem reprehenderit molestiae illo est.', 5, '2018-06-15 08:27:57', '2018-06-15 08:27:57'),
(86, 9, 'Zoe Nolan', 'Quisquam labore corporis at quo id. Sed unde magni rem molestiae. Consequatur dolor consectetur rerum eum quia placeat et eligendi.', 3, '2018-06-15 08:27:57', '2018-06-15 08:27:57'),
(87, 13, 'Miss Coralie Cruickshank', 'Et culpa et adipisci exercitationem. Nemo et rerum illo voluptas adipisci. Sint sit ducimus quia.', 3, '2018-06-15 08:27:57', '2018-06-15 08:27:57'),
(88, 17, 'Yazmin O\'Kon', 'Consectetur perferendis rem quis amet. Explicabo reprehenderit molestias sed. Aliquid reprehenderit praesentium temporibus omnis id. Id dolores ut nemo voluptas minima.', 0, '2018-06-15 08:27:57', '2018-06-15 08:27:57'),
(89, 6, 'Lenna Grady', 'Nam eum odit sint laudantium ipsam odit possimus. Sit dolores officia maiores necessitatibus quia labore ab. Ad officia et repudiandae sit in eveniet. Voluptates pariatur a enim dolorem autem asperiores.', 0, '2018-06-15 08:27:57', '2018-06-15 08:27:57'),
(90, 37, 'Orlo Green', 'Qui est et aperiam tenetur. Ducimus libero qui quia qui ipsa. Exercitationem omnis voluptate in dolor. Facere quo excepturi asperiores voluptatum.', 4, '2018-06-15 08:27:57', '2018-06-15 08:27:57'),
(91, 3, 'Dr. Rhett Miller', 'Sed quae labore dolores ipsum. Neque itaque alias ut excepturi. Perspiciatis aut velit enim laboriosam. Sed et quam ea eaque ea dignissimos.', 3, '2018-06-15 08:27:57', '2018-06-15 08:27:57'),
(92, 32, 'Amara Skiles DDS', 'Quis quia repellat qui at tenetur explicabo modi. Rerum et aut recusandae tempore. Occaecati et ut qui qui nisi. Atque a aut praesentium quae.', 4, '2018-06-15 08:27:57', '2018-06-15 08:27:57'),
(93, 14, 'Petra Schmeler', 'Molestias quos consequatur excepturi sed eius unde qui saepe. Maxime sed sunt reiciendis et aperiam consequuntur nisi sit. Vitae facilis non beatae quibusdam.', 3, '2018-06-15 08:27:57', '2018-06-15 08:27:57'),
(94, 26, 'Miss Concepcion Altenwerth DVM', 'Sit nihil quisquam dolor nesciunt adipisci. Necessitatibus laborum dicta magni sunt nam. Est ratione temporibus esse in natus reprehenderit explicabo quam.', 4, '2018-06-15 08:27:57', '2018-06-15 08:27:57'),
(95, 50, 'Margarette Douglas', 'Natus laborum velit consequatur a dolore nam quis veniam. Quis voluptas repellat qui ducimus aut recusandae et. Magnam non cupiditate officiis fugiat libero.', 2, '2018-06-15 08:27:57', '2018-06-15 08:27:57'),
(96, 35, 'Kaleigh Schuppe', 'Dolorem aliquam tempora aliquam possimus et quo nesciunt. Dolorem impedit quis aut nostrum. Odio dolores quibusdam iure id sunt.', 4, '2018-06-15 08:27:57', '2018-06-15 08:27:57'),
(97, 8, 'Frieda Jones', 'Tenetur illo explicabo sed et. Neque qui rem omnis earum nihil rerum rerum. Eligendi reprehenderit beatae laboriosam placeat expedita. Totam earum accusantium consequatur reprehenderit dolor sit et.', 0, '2018-06-15 08:27:57', '2018-06-15 08:27:57'),
(98, 30, 'Murray Wehner', 'Expedita odit nesciunt exercitationem ea commodi soluta. Qui dolores repellat reprehenderit vel velit nobis. Quo nihil enim ut expedita eligendi. Officiis soluta et ducimus non.', 1, '2018-06-15 08:27:57', '2018-06-15 08:27:57'),
(99, 8, 'Bobby Purdy', 'Quibusdam aspernatur fugiat quo aut officia recusandae quidem. Ut architecto qui accusamus. Est eaque consectetur quia ea iure incidunt aut repellat.', 2, '2018-06-15 08:27:57', '2018-06-15 08:27:57'),
(100, 5, 'Miss Kailee Farrell PhD', 'Exercitationem quidem aut aut laborum sint. Non velit enim sunt consequatur voluptas. Sed itaque ullam consequuntur a dolores qui officia.', 3, '2018-06-15 08:27:57', '2018-06-15 08:27:57'),
(101, 46, 'Dr. Zackary Mertz', 'Voluptas fugiat sunt veniam sapiente perferendis aspernatur. Similique et quisquam alias. Explicabo rerum ad odio dolorem aut doloribus deserunt. Repudiandae maxime et dolorum nemo animi cum eum occaecati.', 0, '2018-06-15 08:27:57', '2018-06-15 08:27:57'),
(102, 26, 'Mr. Randi Marvin', 'Minima error quisquam temporibus nemo incidunt explicabo. Necessitatibus quibusdam dolorum aut iste. Nulla blanditiis aspernatur dolor ad impedit eum explicabo.', 1, '2018-06-15 08:27:57', '2018-06-15 08:27:57'),
(103, 50, 'Jamir Nienow', 'Totam porro exercitationem ut debitis aut. Aut soluta quia officia unde. Corrupti fuga temporibus qui.', 2, '2018-06-15 08:27:57', '2018-06-15 08:27:57'),
(104, 28, 'Shana Hackett', 'Aspernatur tenetur unde aut esse sunt cum. Dolores fugiat odit voluptatem odio.', 4, '2018-06-15 08:27:58', '2018-06-15 08:27:58'),
(105, 34, 'Alberta Rolfson', 'Et et est necessitatibus non voluptatem aut. Ut velit quos iure qui vero facilis. Nostrum rerum eos in corporis ut eum harum.', 5, '2018-06-15 08:27:58', '2018-06-15 08:27:58'),
(106, 13, 'Damien Quigley', 'Nulla magni natus amet aliquam. Sit inventore sed et labore non minus quam. Quis iure iste cum omnis. Quasi repellendus consequatur aliquid rerum qui saepe.', 1, '2018-06-15 08:27:58', '2018-06-15 08:27:58'),
(107, 32, 'Alberta Schmitt', 'Qui in autem ex aspernatur ducimus. Aperiam nemo vitae excepturi voluptas voluptate. Molestiae quod soluta eligendi tenetur harum modi. Quia in pariatur laboriosam voluptatem rem quidem.', 5, '2018-06-15 08:27:58', '2018-06-15 08:27:58'),
(108, 13, 'Mrs. Bessie Schultz', 'Unde et voluptatem in velit quos et ducimus cumque. Fugit aut consequuntur reiciendis sapiente incidunt eos assumenda. Nesciunt aut ea deleniti impedit delectus quod aut.', 3, '2018-06-15 08:27:58', '2018-06-15 08:27:58'),
(109, 31, 'Myah Shanahan', 'Nobis nobis consectetur tempora et. Laboriosam voluptatem doloribus magni dolorem sunt ipsam laborum nulla. Distinctio labore nihil eligendi voluptatum iste.', 4, '2018-06-15 08:27:58', '2018-06-15 08:27:58'),
(110, 7, 'Natalie Nikolaus', 'Totam dolorem fugit id atque est eum. Ut iste doloremque aut repudiandae consequatur. Rerum molestiae veniam ut nemo omnis illo. Explicabo repellat officiis repellat non odit iusto qui.', 2, '2018-06-15 08:27:58', '2018-06-15 08:27:58'),
(111, 6, 'Freddie Treutel', 'Quos voluptas aperiam quidem repellat reprehenderit laboriosam a nobis. Et voluptatem possimus a incidunt reprehenderit accusamus. Optio assumenda sit autem dolores perferendis. Repellat ut vero soluta fugiat rerum delectus blanditiis. Nesciunt repudiandae accusamus cum est qui.', 4, '2018-06-15 08:27:58', '2018-06-15 08:27:58'),
(112, 13, 'Charity Grant IV', 'Provident enim ad sed id quo. Nostrum saepe consequatur id. Necessitatibus qui quod ad in quia incidunt.', 0, '2018-06-15 08:27:58', '2018-06-15 08:27:58'),
(113, 6, 'Mr. Guido Kovacek DDS', 'Ratione aut aliquam aut aut deleniti ab. Saepe id commodi nemo aut tempora dignissimos reiciendis. Deleniti tempore recusandae exercitationem non. Qui ratione quo adipisci quibusdam. Alias id autem dolores maxime quia.', 1, '2018-06-15 08:27:58', '2018-06-15 08:27:58'),
(114, 16, 'Mr. Joaquin Aufderhar PhD', 'Est nulla consequuntur sit natus officiis qui quisquam qui. Ratione debitis reprehenderit cumque. Beatae similique quis voluptates cupiditate.', 3, '2018-06-15 08:27:58', '2018-06-15 08:27:58'),
(115, 27, 'Cordie Keeling MD', 'Fugiat officiis corrupti aperiam sed est est quae et. Quidem numquam sit nostrum ut. Nam iusto et tenetur accusamus vitae dolores. Sint quae vitae atque eos incidunt voluptatem quod nihil.', 1, '2018-06-15 08:27:58', '2018-06-15 08:27:58'),
(116, 15, 'Elaina Larson', 'Aut voluptatem tempore ut quo sed. Asperiores officiis cumque in et dolores. Aut quo consequatur voluptas reprehenderit sapiente et ipsum.', 0, '2018-06-15 08:27:58', '2018-06-15 08:27:58'),
(117, 15, 'Sarina Kertzmann PhD', 'Voluptatem aut aut perspiciatis molestiae praesentium. Eius blanditiis et eum inventore corrupti. Consequatur est impedit quo eligendi ex sit. Molestiae unde ex doloremque tempore. Consequatur laboriosam alias sed in.', 3, '2018-06-15 08:27:58', '2018-06-15 08:27:58'),
(118, 20, 'Jules Luettgen', 'Illo autem architecto aperiam nisi omnis rerum molestiae. Commodi explicabo recusandae minus et. Rerum nam dignissimos amet officiis totam modi. Eum libero et rem sit quis.', 4, '2018-06-15 08:27:58', '2018-06-15 08:27:58'),
(119, 44, 'Zelma Luettgen', 'Rerum dolorem eius sequi cum architecto laborum eos. Dignissimos voluptatibus omnis et quia omnis. Quam voluptates architecto amet facere fugit qui quasi nulla. Veniam distinctio molestiae omnis reiciendis.', 1, '2018-06-15 08:27:58', '2018-06-15 08:27:58'),
(120, 34, 'Eloisa Leffler', 'Minus aut sit ut possimus incidunt mollitia aut. Earum omnis quo laborum odit recusandae placeat. Et qui voluptatem deserunt et dolor nostrum. Molestiae aliquam dolores qui hic qui. Inventore sunt veniam sit in laborum ea aperiam.', 2, '2018-06-15 08:27:58', '2018-06-15 08:27:58'),
(121, 28, 'Ciara Lindgren', 'Consequatur ut unde reiciendis excepturi saepe. Est quis laborum culpa nobis minus molestias in nostrum. Fuga est deserunt sunt nemo. Non accusantium sequi rerum vitae. Occaecati eum est quam pariatur sunt.', 0, '2018-06-15 08:27:58', '2018-06-15 08:27:58'),
(122, 30, 'Dr. Wilfred Mueller IV', 'Ratione facere blanditiis deleniti quasi iste aut dolorem consectetur. Nemo iste voluptatibus sed. Quis non neque ut.', 4, '2018-06-15 08:27:58', '2018-06-15 08:27:58'),
(123, 4, 'Imani Stokes', 'Quibusdam eius corporis consequuntur sed. Sed autem incidunt aut libero doloremque ut. Repudiandae et commodi quo fugiat est expedita. Animi laudantium molestias qui.', 4, '2018-06-15 08:27:58', '2018-06-15 08:27:58'),
(124, 50, 'Dr. Annette Lueilwitz PhD', 'Dolor provident qui eveniet rerum odio neque et. Sit eum deleniti similique et. Ullam sunt assumenda quae earum sit in minus eligendi. Sunt omnis non accusantium consectetur eum aut.', 0, '2018-06-15 08:27:58', '2018-06-15 08:27:58'),
(125, 36, 'Camron Ondricka Sr.', 'Amet qui delectus vitae molestiae qui. Voluptatem repudiandae officia cum itaque reprehenderit adipisci omnis totam.', 3, '2018-06-15 08:27:58', '2018-06-15 08:27:58'),
(126, 11, 'Santos Wisozk I', 'Ab sed illum magni facere magni aut earum. Et tempora iusto inventore in quam corporis. Eaque aspernatur amet placeat consequatur odit quia corrupti.', 2, '2018-06-15 08:27:58', '2018-06-15 08:27:58'),
(127, 15, 'Ms. Brooke Heller', 'A pariatur quibusdam consequatur aperiam eos quos. Laboriosam quam sed amet repudiandae. Autem nulla veniam minus autem. Et aut officiis illo repellendus voluptatibus.', 0, '2018-06-15 08:27:58', '2018-06-15 08:27:58'),
(128, 50, 'Manuel Halvorson', 'Ex reiciendis nostrum dignissimos ipsum. Nesciunt dicta nisi sit modi qui voluptatem assumenda quibusdam. Incidunt nemo expedita placeat. Quas quas voluptas velit et ullam.', 1, '2018-06-15 08:27:59', '2018-06-15 08:27:59'),
(129, 8, 'Prof. Jayden Jenkins V', 'Sit unde omnis repudiandae non quod. Vero consequuntur culpa voluptatem unde nostrum aut.', 4, '2018-06-15 08:27:59', '2018-06-15 08:27:59'),
(130, 48, 'Betsy Farrell', 'Deleniti fugiat est id. Et ut quisquam ullam quia eos fuga rerum. Repellat officia necessitatibus ratione eius laboriosam laudantium sapiente.', 0, '2018-06-15 08:27:59', '2018-06-15 08:27:59'),
(131, 48, 'Margarete Ernser', 'Suscipit enim consequatur consequatur. Tempora voluptatem error omnis voluptas unde.', 0, '2018-06-15 08:27:59', '2018-06-15 08:27:59'),
(132, 49, 'Dr. Roscoe Lesch', 'Dolores ab voluptatem quidem minus amet. Debitis vel cumque rerum ex aut voluptatem suscipit. Vel sapiente dolore odio consequuntur ut unde neque assumenda.', 2, '2018-06-15 08:27:59', '2018-06-15 08:27:59'),
(133, 3, 'Erick Gulgowski', 'Odit ducimus quisquam id. Fugiat non et autem reprehenderit. Maiores quam voluptatem ea odio nulla et.', 2, '2018-06-15 08:27:59', '2018-06-15 08:27:59'),
(134, 10, 'Brenda Reynolds', 'Est est architecto ut velit vitae et animi. Excepturi ipsum impedit exercitationem rerum sed dolorum ad. Qui dolorem quisquam occaecati cupiditate.', 3, '2018-06-15 08:27:59', '2018-06-15 08:27:59'),
(135, 18, 'Coty Hane V', 'Voluptatibus quae debitis vitae qui sunt et. Consequatur vitae excepturi ullam praesentium et. Et repellat fugiat suscipit ut eum consequuntur.', 3, '2018-06-15 08:27:59', '2018-06-15 08:27:59'),
(136, 8, 'Nathen Grant', 'Pariatur ut adipisci quas ullam assumenda. Impedit consectetur possimus facere ex doloribus vero. Sit ut qui et.', 5, '2018-06-15 08:27:59', '2018-06-15 08:27:59'),
(137, 10, 'Mr. Walker Konopelski', 'Id ipsam ut vel doloribus sequi ipsa natus. Sit eius sequi at aut quod. Sed blanditiis voluptatem soluta asperiores assumenda dolores nihil.', 3, '2018-06-15 08:27:59', '2018-06-15 08:27:59'),
(138, 17, 'Dorris Lindgren', 'Qui rem temporibus sapiente nam sunt quisquam id. Earum deleniti voluptatem in asperiores et nihil ut. Fugit reprehenderit aperiam deleniti cumque veritatis sint odit.', 1, '2018-06-15 08:27:59', '2018-06-15 08:27:59'),
(139, 22, 'Mr. Giovanny Brown', 'Nemo eveniet eaque eos saepe ut. Architecto quidem eaque repellat beatae molestias. Quam culpa sit cupiditate eum expedita.', 5, '2018-06-15 08:27:59', '2018-06-15 08:27:59'),
(140, 8, 'Dr. Mitchel Bayer', 'Quia ipsa quia blanditiis molestias omnis laboriosam. Rerum asperiores ullam voluptatem eius molestiae reiciendis. Exercitationem non dolores optio nihil aut quae nulla. Molestiae voluptatem deserunt a aspernatur consequatur tenetur velit.', 0, '2018-06-15 08:27:59', '2018-06-15 08:27:59'),
(141, 11, 'Salvatore Kuphal', 'Ut est reprehenderit deserunt quis et magni quis. Et dolore voluptas debitis suscipit quo non pariatur qui. Quo autem iure libero excepturi. Sit et suscipit vero unde nisi enim rerum reprehenderit.', 1, '2018-06-15 08:27:59', '2018-06-15 08:27:59'),
(142, 31, 'Rozella Bergnaum', 'Ut qui sunt deleniti quas et facere quo. Laborum sed eum quia non corporis reprehenderit. Pariatur laborum velit perferendis ea quia.', 5, '2018-06-15 08:27:59', '2018-06-15 08:27:59'),
(143, 38, 'Dr. Hilton Botsford', 'Architecto vel distinctio aut cumque numquam sit veritatis. Voluptate quasi natus odio minus sed facere. Ut inventore praesentium quia omnis.', 5, '2018-06-15 08:27:59', '2018-06-15 08:27:59'),
(144, 13, 'Rae Kozey', 'Voluptas minus et placeat autem cum quos animi. Et deleniti aut sint nostrum. Aut quia quia est inventore qui nostrum iure.', 5, '2018-06-15 08:27:59', '2018-06-15 08:27:59'),
(145, 7, 'Arvid Fisher III', 'Qui necessitatibus repellendus provident velit similique excepturi saepe. Aperiam dicta excepturi et consequatur ea ea dicta quo. Perspiciatis est assumenda aut sed. Aperiam provident facilis est corporis iusto inventore.', 1, '2018-06-15 08:27:59', '2018-06-15 08:27:59'),
(146, 31, 'Ruth Collier', 'Aspernatur provident id nobis voluptatem doloremque. Corporis nobis libero inventore maxime perferendis beatae dolorum. Quia perferendis ut repudiandae molestias.', 4, '2018-06-15 08:27:59', '2018-06-15 08:27:59'),
(147, 9, 'Emilio Robel', 'Et qui voluptatem optio delectus corrupti quam et. Ipsa repellat rerum veniam illo totam culpa deserunt. Exercitationem itaque repudiandae vitae porro quo. Suscipit recusandae ut odit asperiores explicabo consequatur.', 5, '2018-06-15 08:27:59', '2018-06-15 08:27:59'),
(148, 26, 'Dudley Runolfsdottir', 'Aut consectetur fuga et. Quod sint consequuntur quas. Nostrum quasi culpa deleniti est quae aspernatur quasi. Eum et consequatur reiciendis qui. Blanditiis asperiores harum laudantium voluptatem alias error repellendus consequatur.', 3, '2018-06-15 08:27:59', '2018-06-15 08:27:59'),
(149, 10, 'Lewis O\'Hara', 'Corrupti voluptatem ut dolorum rerum sed quia velit. Reiciendis dolores provident explicabo assumenda recusandae ab accusantium. Dolorem consequatur molestiae nemo quisquam facilis natus dolorem repellendus.', 5, '2018-06-15 08:27:59', '2018-06-15 08:27:59'),
(150, 49, 'Markus Barton', 'Aperiam rerum esse consequatur perferendis commodi suscipit aut. Dignissimos praesentium voluptatem pariatur sed quibusdam veniam. Asperiores laboriosam fuga at.', 5, '2018-06-15 08:28:00', '2018-06-15 08:28:00'),
(151, 33, 'Eric VonRueden', 'Cum ut consequatur reprehenderit ex accusamus atque perspiciatis. Ut qui ut exercitationem dolor est quidem. Magni nisi repudiandae quidem reiciendis laborum nobis. Et id totam quam.', 3, '2018-06-15 08:28:00', '2018-06-15 08:28:00'),
(152, 34, 'Louie Hammes', 'Nisi odio perferendis ipsum voluptatibus assumenda tempora blanditiis. Aspernatur deleniti cumque ea aliquam necessitatibus maiores. Quia voluptas possimus molestiae ad.', 2, '2018-06-15 08:28:00', '2018-06-15 08:28:00'),
(153, 37, 'Prof. Timmy Kulas I', 'Repellendus dolore iusto saepe ullam tenetur voluptatum. Quas blanditiis eveniet a reprehenderit commodi culpa vero. Accusantium voluptatibus et perspiciatis aliquid ut.', 4, '2018-06-15 08:28:00', '2018-06-15 08:28:00'),
(154, 13, 'Ewald Mraz', 'Ullam dolor non similique optio sunt et dolorum. Ut quia aut cupiditate laudantium quidem esse ut laudantium. Quia sit ut molestias voluptatem quas non quia. Dolorem fugit at et et aliquid cumque voluptas.', 0, '2018-06-15 08:28:00', '2018-06-15 08:28:00'),
(155, 38, 'Madeline Labadie', 'Enim suscipit cupiditate at veniam. Distinctio quibusdam vel asperiores non iure harum. Et fuga corrupti reiciendis excepturi quia perferendis distinctio.', 3, '2018-06-15 08:28:00', '2018-06-15 08:28:00'),
(156, 29, 'Lindsey Donnelly', 'Qui amet ut officia amet et. Quidem eos ut reprehenderit totam vel quae ut.', 0, '2018-06-15 08:28:00', '2018-06-15 08:28:00'),
(157, 6, 'Marcelina Zieme', 'Deserunt dolores eos consequatur eligendi. Hic beatae doloremque modi. Tempora ullam quo hic illo ipsa.', 1, '2018-06-15 08:28:00', '2018-06-15 08:28:00'),
(158, 40, 'Rubie Stroman', 'Aut incidunt quaerat eum minus. Quia molestiae accusamus possimus sit. Corrupti aliquid ab porro commodi deleniti similique. Sunt soluta qui minima rerum quis consequatur nobis suscipit.', 4, '2018-06-15 08:28:00', '2018-06-15 08:28:00'),
(159, 8, 'Timothy Hayes', 'Sunt ut in aliquid expedita. Est dolor quaerat et qui. Omnis dolor voluptate et.', 0, '2018-06-15 08:28:00', '2018-06-15 08:28:00'),
(160, 35, 'Ashton Champlin', 'Maiores quis ea officia libero voluptas minima. Officia odit veritatis consequatur hic sed. Cumque voluptatum quia veritatis cumque maxime vel libero.', 4, '2018-06-15 08:28:00', '2018-06-15 08:28:00'),
(161, 40, 'Dr. Keely Stoltenberg', 'Est ipsam debitis fugiat. Modi doloremque autem placeat tempora. Labore sunt quidem impedit nulla aliquid.', 2, '2018-06-15 08:28:00', '2018-06-15 08:28:00'),
(162, 16, 'Meaghan Bergstrom', 'Ullam voluptatem praesentium nemo delectus amet dolores consequatur. Autem aut ullam at ut velit voluptatem. Ea necessitatibus consequuntur et adipisci maxime. Non qui fuga laboriosam nemo explicabo vitae molestiae aut.', 4, '2018-06-15 08:28:00', '2018-06-15 08:28:00'),
(163, 40, 'Dr. Eddie Glover', 'Dolore cum illo ipsum eaque culpa et. Itaque ut vitae dolores quae quia dolor. In dolorum sequi a.', 0, '2018-06-15 08:28:00', '2018-06-15 08:28:00'),
(164, 40, 'Gunner Tremblay', 'Corporis voluptatem hic similique maiores ut suscipit. Nobis error expedita ut.', 1, '2018-06-15 08:28:00', '2018-06-15 08:28:00'),
(165, 39, 'Dr. Randi Labadie', 'Aut sed maiores voluptatibus praesentium et. Praesentium iusto quaerat iure nemo. Eius occaecati consequuntur sit perferendis vel perferendis.', 5, '2018-06-15 08:28:00', '2018-06-15 08:28:00'),
(166, 12, 'Dr. Frida Reynolds', 'Doloremque eveniet et aut doloremque a ut. Quod excepturi a quia doloremque. Voluptas suscipit eveniet blanditiis facere velit et voluptates.', 2, '2018-06-15 08:28:00', '2018-06-15 08:28:00'),
(167, 2, 'Carlotta Nienow', 'Incidunt sed qui labore et. Reprehenderit sit nihil debitis nisi. Incidunt omnis excepturi fugit sunt numquam molestiae possimus. Earum et incidunt accusamus beatae vero.', 3, '2018-06-15 08:28:00', '2018-06-15 08:28:00'),
(168, 27, 'Deborah Bradtke', 'Magnam quas eaque consequatur. Est voluptatem unde voluptas beatae blanditiis necessitatibus numquam quos. Distinctio vitae et veritatis quisquam.', 3, '2018-06-15 08:28:00', '2018-06-15 08:28:00'),
(169, 11, 'Rashad Wisoky', 'Saepe sunt laborum quasi perspiciatis. Fugiat sit perferendis tenetur quae ut quaerat sint. Sapiente quisquam quis voluptatibus et quaerat. Aut minus ullam corporis ipsam reiciendis quia.', 5, '2018-06-15 08:28:00', '2018-06-15 08:28:00'),
(170, 11, 'Ebony Abbott', 'Laudantium aut velit omnis mollitia odio incidunt quia excepturi. Dignissimos animi qui itaque eum. Molestiae totam ut ea ut voluptatem. Rem amet aliquam dolorem blanditiis.', 5, '2018-06-15 08:28:00', '2018-06-15 08:28:00'),
(171, 14, 'Prof. Sylvan Mann V', 'Et cupiditate veritatis dolores eius ratione recusandae maiores facere. Ratione est corrupti provident rerum sint est. Placeat et ut velit hic eligendi.', 2, '2018-06-15 08:28:00', '2018-06-15 08:28:00'),
(172, 4, 'Addie Murazik', 'Accusamus amet excepturi totam et. Ab nulla quidem recusandae laudantium corporis.', 1, '2018-06-15 08:28:00', '2018-06-15 08:28:00'),
(173, 31, 'Angie Ebert', 'Laudantium qui fugit et eaque odit. Modi nihil saepe aut sint. Cum quae ducimus omnis exercitationem quisquam. Quia ut iste dolorem occaecati aliquid dolor provident.', 3, '2018-06-15 08:28:01', '2018-06-15 08:28:01'),
(174, 42, 'Kian Schoen', 'Modi sit nemo suscipit nobis sit. Sed et cum ea facere quibusdam ut. Aliquam optio et hic. Est itaque fugiat quisquam est et blanditiis numquam.', 0, '2018-06-15 08:28:01', '2018-06-15 08:28:01'),
(175, 5, 'Prof. Kayley Gulgowski', 'Aperiam aliquid animi eum rerum fugit. Possimus voluptatum ad cupiditate culpa molestias aut. Excepturi expedita sapiente sunt rerum.', 4, '2018-06-15 08:28:01', '2018-06-15 08:28:01'),
(176, 23, 'Erin Turner', 'Iure voluptatem autem corrupti minima dolorem minus. Praesentium in accusantium corrupti voluptatem quibusdam odit tenetur. Et vel velit voluptatem dolore. Dolore autem enim ut officiis. Quos libero tempora et ab.', 5, '2018-06-15 08:28:01', '2018-06-15 08:28:01'),
(177, 47, 'Destin Jerde', 'Qui minus repellendus magnam quam eius. Dolores animi qui amet commodi enim aliquid. Aut est consectetur sed ad quos.', 3, '2018-06-15 08:28:01', '2018-06-15 08:28:01'),
(178, 38, 'Prof. Abigail Gusikowski DDS', 'Quos quia illum velit rerum non velit. Quia nemo rerum laborum vitae.', 2, '2018-06-15 08:28:01', '2018-06-15 08:28:01'),
(179, 3, 'Alden Green', 'Magni ut illum ipsam doloremque molestiae. Cumque ab eum quam voluptatem aut atque et. Distinctio enim ut ut alias temporibus inventore repellat.', 1, '2018-06-15 08:28:01', '2018-06-15 08:28:01'),
(180, 38, 'Amelia Littel', 'Quaerat et harum ab hic adipisci voluptatem in. Eius similique aut sed. Tenetur molestias delectus error quo consectetur. Quod voluptatibus ipsam est eum commodi vel.', 4, '2018-06-15 08:28:01', '2018-06-15 08:28:01'),
(181, 29, 'Araceli Lakin', 'Vel illum consequatur repellendus et nisi. Quod cumque alias alias. Hic ratione voluptates eligendi corrupti corrupti velit et. Tempora est sit officia eveniet.', 5, '2018-06-15 08:28:01', '2018-06-15 08:28:01'),
(182, 33, 'Jakayla Bednar', 'Omnis ab hic eius quidem. Odio numquam laudantium totam est perspiciatis. Labore provident itaque sint occaecati.', 2, '2018-06-15 08:28:01', '2018-06-15 08:28:01'),
(183, 27, 'Dr. Luisa Lowe', 'Vel qui inventore id voluptatum voluptate et corrupti. Tenetur assumenda et soluta enim voluptatibus quo voluptatem. Qui consectetur rem qui quis.', 5, '2018-06-15 08:28:01', '2018-06-15 08:28:01'),
(184, 35, 'Adam Ondricka', 'Non corporis ea amet facilis placeat. Perspiciatis aut ducimus rerum voluptatem tempora officiis. Dolorem possimus accusantium provident sequi non accusamus. Impedit aperiam quia veritatis et dolorem.', 1, '2018-06-15 08:28:01', '2018-06-15 08:28:01'),
(185, 16, 'Cornell Schimmel', 'Harum vel est vel optio perspiciatis itaque. Eos necessitatibus dignissimos quo pariatur. Voluptatum labore iure itaque vitae qui ipsam perferendis. Quis facere nisi asperiores quis minus et reprehenderit omnis.', 5, '2018-06-15 08:28:01', '2018-06-15 08:28:01'),
(186, 15, 'Danyka Feeney V', 'Ullam at vero rerum error eius. Dolorem maxime ut qui ipsam qui et libero. Voluptatem quod facere dolor.', 3, '2018-06-15 08:28:01', '2018-06-15 08:28:01'),
(187, 24, 'Neha Crist II', 'Sint voluptates perspiciatis quia totam assumenda qui quidem. Incidunt eos aut ipsum asperiores temporibus. Omnis quia quidem atque itaque.', 3, '2018-06-15 08:28:01', '2018-06-15 08:28:01'),
(188, 50, 'Dr. Lyla Hayes', 'Dolorem aspernatur cum aut minima similique. Voluptatibus est velit sunt voluptas aperiam nobis hic. Cum voluptatem laborum deserunt dolores harum maxime consequuntur. Exercitationem aut labore est enim quia qui sed.', 1, '2018-06-15 08:28:01', '2018-06-15 08:28:01'),
(189, 40, 'Keshaun Goodwin DDS', 'Eos rerum voluptas error. Ut sint sint deserunt assumenda quia voluptas. Neque voluptate ut consequatur error.', 5, '2018-06-15 08:28:01', '2018-06-15 08:28:01'),
(190, 16, 'Eldon Runte IV', 'Rerum non delectus non saepe aut. Excepturi porro ipsum et sequi odit. Labore molestiae consequuntur quaerat et alias.', 5, '2018-06-15 08:28:01', '2018-06-15 08:28:01'),
(191, 20, 'Elmo Parisian', 'Voluptates eos sunt aliquam veniam ratione. Architecto modi aliquam fugit.', 1, '2018-06-15 08:28:01', '2018-06-15 08:28:01'),
(192, 6, 'Rico Lowe DDS', 'Et occaecati et eaque reprehenderit doloremque assumenda aut. Dolorem quam exercitationem qui et. Magnam quaerat et maxime veritatis maxime.', 2, '2018-06-15 08:28:01', '2018-06-15 08:28:01'),
(193, 7, 'Waino Breitenberg', 'Qui et aut qui reiciendis. Aut omnis quo culpa quae. Qui modi voluptatem vitae dolorum aliquam distinctio recusandae. Inventore repudiandae quam eum asperiores mollitia commodi ipsam.', 3, '2018-06-15 08:28:01', '2018-06-15 08:28:01'),
(194, 39, 'Prof. Nicolas Lynch II', 'Odit eligendi perspiciatis autem dicta. Dolor dolores optio ex tenetur ratione hic. Dolores deserunt voluptas et non blanditiis ut et. Nihil eum harum libero aliquam iste eos ab.', 2, '2018-06-15 08:28:01', '2018-06-15 08:28:01'),
(195, 50, 'Irwin Kerluke', 'Est voluptatem quisquam repellat doloribus nam tempora. Ab sed eos non velit minus dolores ipsum ut. Adipisci totam sed eaque accusantium enim. Corporis numquam impedit facere dicta assumenda.', 0, '2018-06-15 08:28:02', '2018-06-15 08:28:02'),
(196, 28, 'Dan Daniel DDS', 'Veniam repellendus vero cum corrupti. Non eum fugit inventore minus qui et. Expedita accusantium id deserunt et. Veritatis non molestiae explicabo quia soluta impedit. Magnam sint ut et.', 2, '2018-06-15 08:28:02', '2018-06-15 08:28:02'),
(197, 26, 'Mrs. Eugenia Dickens V', 'Enim veritatis omnis facilis iusto repellat. Consequatur perferendis qui iure dolor autem. Vel vel expedita vel quis. Consectetur consectetur quaerat rerum incidunt non laborum. Aut laudantium eius quod laudantium.', 1, '2018-06-15 08:28:02', '2018-06-15 08:28:02'),
(198, 4, 'Augustine Hagenes', 'Optio temporibus aut aut et omnis ipsam. Iste qui aut nisi repudiandae aut eos facere et. Animi numquam error velit sed quos aliquam nesciunt consequatur. Beatae ipsum vitae dolorem. Laudantium iure dolor voluptatem dignissimos nam non blanditiis.', 0, '2018-06-15 08:28:02', '2018-06-15 08:28:02'),
(199, 11, 'Misty Herman', 'Sequi architecto culpa est sapiente sunt. Ut quis autem accusamus. Dolor eos modi facere unde.', 5, '2018-06-15 08:28:02', '2018-06-15 08:28:02'),
(200, 47, 'Prof. Carter Corkery', 'Voluptate amet nobis ullam voluptas temporibus harum in. Iusto rerum rerum odit qui. Qui in id vel itaque ut. Non est fugiat rerum laboriosam sint nihil.', 2, '2018-06-15 08:28:02', '2018-06-15 08:28:02'),
(201, 20, 'Mrs. Abby Hodkiewicz I', 'Sequi est accusantium iusto necessitatibus. Et impedit facere qui mollitia laborum consectetur magni. Sint officiis rem beatae eos quo.', 1, '2018-06-15 08:28:02', '2018-06-15 08:28:02'),
(202, 50, 'Dr. Elwin Veum', 'Omnis dignissimos et ipsa possimus vel nisi. Laborum non molestiae molestiae. Saepe qui est voluptas incidunt.', 0, '2018-06-15 08:28:02', '2018-06-15 08:28:02'),
(203, 35, 'Elta Dibbert', 'Alias excepturi rerum tempora nihil facere. Vitae quia repellendus dolorem iure dicta corrupti. Quibusdam dolor qui quaerat fugit earum occaecati. Numquam delectus ea provident illum aliquid. Quae iste velit nobis natus nam sint et.', 5, '2018-06-15 08:28:02', '2018-06-15 08:28:02'),
(204, 42, 'Prof. Jovany Luettgen PhD', 'Sit animi incidunt incidunt nostrum. Quibusdam fuga molestias recusandae fuga dolorem dolorem vero. Asperiores voluptas est dolores sequi voluptatibus eius. Ea quidem sapiente alias debitis eveniet ad totam.', 2, '2018-06-15 08:28:02', '2018-06-15 08:28:02'),
(205, 45, 'Wayne Lehner', 'Consectetur maxime et dignissimos quidem repudiandae et. Est repellat itaque quo totam ut mollitia tempore facere.', 5, '2018-06-15 08:28:02', '2018-06-15 08:28:02'),
(206, 21, 'Juana Schaefer', 'Et nesciunt vero eius vel. Soluta possimus libero fugiat. Quis aliquam blanditiis qui dolores consequatur eius ea. Ut pariatur voluptate labore ut qui corrupti aut. Aperiam et quia et debitis quia voluptatem.', 2, '2018-06-15 08:28:02', '2018-06-15 08:28:02'),
(207, 17, 'Juanita Trantow', 'Aut suscipit corrupti quaerat adipisci illum quasi. Possimus quaerat exercitationem officia velit ut. Voluptas sed reiciendis sed porro quisquam. Sint ut natus enim modi ullam explicabo itaque.', 5, '2018-06-15 08:28:02', '2018-06-15 08:28:02'),
(208, 48, 'Mr. Gaston Thiel', 'Dolorum natus officia voluptatem minus ullam minus error accusamus. Qui est perspiciatis sed sunt. Aliquid doloremque quasi sunt assumenda tempora excepturi.', 2, '2018-06-15 08:28:02', '2018-06-15 08:28:02'),
(209, 8, 'Owen Kulas', 'Cupiditate nulla ut corporis aperiam dolor odio. Et ut consequatur quo aliquid sapiente. Optio eveniet earum quaerat voluptatem impedit quae. Nihil distinctio architecto voluptas.', 3, '2018-06-15 08:28:02', '2018-06-15 08:28:02');
INSERT INTO `reviews` (`id`, `product_id`, `customer`, `review`, `star`, `created_at`, `updated_at`) VALUES
(210, 42, 'Palma Raynor', 'Omnis est nihil ullam architecto autem. Rerum aut totam ut. Molestias velit vel atque nemo. Minus rem nostrum molestiae consequuntur quis.', 4, '2018-06-15 08:28:02', '2018-06-15 08:28:02'),
(211, 47, 'Jerrod Morissette V', 'Id ea dolor quam. Tempore sed occaecati in maxime inventore dignissimos hic. Quis dolores illo ipsa quia quam dicta. Impedit rerum laudantium atque nisi quidem.', 1, '2018-06-15 08:28:02', '2018-06-15 08:28:02'),
(212, 33, 'Glen Boyle', 'Voluptate hic veniam quaerat ut. Asperiores maiores temporibus officiis veniam officiis et. Et dolorum molestiae et a doloribus ut et sint.', 4, '2018-06-15 08:28:02', '2018-06-15 08:28:02'),
(213, 43, 'Herminio Windler', 'Sint sit molestiae non sint nesciunt. Temporibus enim eius laborum beatae neque vitae in. Ex illo deserunt nostrum et sunt est sed ad. Laudantium iusto doloribus laborum odit doloremque modi.', 4, '2018-06-15 08:28:02', '2018-06-15 08:28:02'),
(214, 9, 'Demetris Fadel', 'Voluptatem voluptates sed sit nesciunt ratione quisquam. Voluptate eos natus est consectetur explicabo cumque. Itaque sequi autem minus suscipit.', 2, '2018-06-15 08:28:02', '2018-06-15 08:28:02'),
(215, 13, 'Ladarius Braun', 'Fugiat deleniti et qui aut aut. Ducimus numquam aperiam culpa perspiciatis. Explicabo voluptate et tenetur id.', 0, '2018-06-15 08:28:02', '2018-06-15 08:28:02'),
(216, 18, 'Prof. Cali Lehner V', 'Non atque deserunt adipisci. Corrupti qui sit sed voluptatibus facilis officiis asperiores. Non totam reprehenderit adipisci non eveniet vel maiores iste. Aliquam illo explicabo et voluptatem aliquid voluptatem.', 4, '2018-06-15 08:28:02', '2018-06-15 08:28:02'),
(217, 9, 'Clementina Mueller I', 'Quia mollitia totam est consequatur. Aut ut est molestiae atque rerum. Voluptas dolores aut nam voluptas.', 3, '2018-06-15 08:28:02', '2018-06-15 08:28:02'),
(218, 30, 'Landen Witting DDS', 'Hic fuga sapiente veniam quidem veniam. Dolores pariatur debitis aspernatur consectetur autem dignissimos. Repellat ipsam et consectetur repudiandae ipsum non. Consequuntur maxime sed mollitia aut.', 4, '2018-06-15 08:28:03', '2018-06-15 08:28:03'),
(219, 12, 'Nadia Kuhn', 'Dolorum odit sapiente delectus temporibus. Natus dicta quibusdam autem cupiditate hic ad porro. Pariatur ratione et animi et sit.', 0, '2018-06-15 08:28:03', '2018-06-15 08:28:03'),
(220, 10, 'Mavis Schimmel', 'Quisquam voluptas aut totam praesentium voluptates qui. Quis ut autem beatae vel et. Laboriosam atque libero quod dolorem. Voluptatem sapiente nobis qui facere.', 4, '2018-06-15 08:28:03', '2018-06-15 08:28:03'),
(221, 28, 'Randal Hammes PhD', 'Nostrum doloremque blanditiis vero aut laborum dolores magni. Explicabo aut eligendi et aut. Aut enim sapiente sequi voluptatibus. Sunt quos consectetur dolor.', 4, '2018-06-15 08:28:03', '2018-06-15 08:28:03'),
(222, 2, 'Estrella Durgan', 'Vitae facilis voluptate soluta facilis vitae qui sint. Voluptatem nisi cupiditate tempore nobis eum. Ea architecto impedit ut repudiandae quis qui aliquam. Libero aut quasi facilis repellat asperiores odio.', 0, '2018-06-15 08:28:03', '2018-06-15 08:28:03'),
(223, 17, 'Elta Collier', 'Maiores doloremque cumque quibusdam illum eum. Ut ullam molestiae eum.', 0, '2018-06-15 08:28:03', '2018-06-15 08:28:03'),
(224, 37, 'Lexus Ortiz', 'Officia corrupti velit aut sed occaecati dolores. Corporis voluptatem porro voluptatem consequuntur quia odio. Consequuntur voluptatem quidem corporis voluptas provident amet quo.', 4, '2018-06-15 08:28:03', '2018-06-15 08:28:03'),
(225, 25, 'Lucas Hamill', 'Voluptatem iure vel alias ad quia non. Debitis ea earum enim est inventore voluptatem. Repellendus est dicta expedita nihil reprehenderit officia.', 1, '2018-06-15 08:28:03', '2018-06-15 08:28:03'),
(226, 27, 'Henri Schoen IV', 'Maxime dolor exercitationem qui laudantium culpa. Est error quo ad aliquid quis et. Ratione nihil natus sint.', 2, '2018-06-15 08:28:03', '2018-06-15 08:28:03'),
(227, 50, 'Dave Dibbert', 'Animi dignissimos et placeat omnis tenetur maxime. Harum vel nemo quidem nulla sequi aut. Ea nemo sint eaque laboriosam sint laudantium maiores.', 4, '2018-06-15 08:28:03', '2018-06-15 08:28:03'),
(228, 22, 'Prof. Baby Douglas Sr.', 'Numquam non dolor amet recusandae est facere aperiam dignissimos. Laudantium et nihil expedita et.', 5, '2018-06-15 08:28:03', '2018-06-15 08:28:03'),
(229, 33, 'Jamarcus Marks', 'Sunt aliquid omnis autem sed est rerum. Excepturi dolore itaque est veniam sit excepturi laudantium eveniet. Officia at dicta dolore quasi. Ea enim praesentium alias dolor odio.', 3, '2018-06-15 08:28:03', '2018-06-15 08:28:03'),
(230, 42, 'Mr. Conor Bernhard', 'Veniam iste qui rerum. Inventore dignissimos dicta nam.', 4, '2018-06-15 08:28:03', '2018-06-15 08:28:03'),
(231, 47, 'Kacie Rippin', 'Et nihil accusamus minima. Maiores officia vero rem eum totam. Illum omnis est voluptatum quam. Rerum alias sed repellendus rerum.', 1, '2018-06-15 08:28:03', '2018-06-15 08:28:03'),
(232, 26, 'Kenyon Larkin', 'Harum voluptatem at quia odit in. Explicabo qui eveniet accusantium nihil non recusandae. Distinctio nostrum facilis numquam mollitia.', 5, '2018-06-15 08:28:03', '2018-06-15 08:28:03'),
(233, 11, 'Ryann Brown', 'Provident id consectetur alias dolorem. Quos qui et voluptatem unde eos veniam. Quam aliquam nisi iste optio. Id asperiores provident beatae blanditiis atque quia labore.', 4, '2018-06-15 08:28:03', '2018-06-15 08:28:03'),
(234, 4, 'Ms. Cathy Beer PhD', 'Dolores eum sequi quod in facilis accusamus est. Voluptatem minima quia sunt autem quo et recusandae. Omnis nihil et officia provident. Omnis et quos est sed dolorem debitis.', 3, '2018-06-15 08:28:03', '2018-06-15 08:28:03'),
(235, 44, 'Eleonore Mann', 'Id deserunt impedit explicabo hic perferendis. Officia et quia qui et.', 2, '2018-06-15 08:28:03', '2018-06-15 08:28:03'),
(236, 28, 'Hillary Kuhn', 'Ratione ut ullam minus et repellendus possimus. Consequatur reprehenderit et maxime ex. Nulla nam expedita qui eos qui.', 0, '2018-06-15 08:28:03', '2018-06-15 08:28:03'),
(237, 49, 'Mrs. Clarissa Walter V', 'Placeat ullam asperiores impedit eum nisi sed. Magni laboriosam repellendus rerum. Eos maxime ut doloribus qui aut totam et. Et quis occaecati labore accusamus.', 0, '2018-06-15 08:28:03', '2018-06-15 08:28:03'),
(238, 17, 'Kaitlin Nicolas', 'Labore aut eius error. Perferendis ut et aperiam saepe rem. Voluptatem quis tenetur velit consequatur vitae explicabo.', 2, '2018-06-15 08:28:03', '2018-06-15 08:28:03'),
(239, 12, 'Elijah Mohr', 'Ad et ut asperiores vero. Labore alias facere provident aliquid deleniti. Voluptatibus omnis voluptatum animi. Qui ipsum deleniti sunt assumenda.', 3, '2018-06-15 08:28:03', '2018-06-15 08:28:03'),
(240, 34, 'Dulce Gerlach', 'Ea nihil aspernatur est non illo. Aut qui dicta eos occaecati corrupti nisi. Provident provident rem rerum ullam laboriosam ullam.', 1, '2018-06-15 08:28:04', '2018-06-15 08:28:04'),
(241, 14, 'Adrienne Aufderhar', 'Praesentium dolor quam natus nulla. Eveniet expedita omnis eligendi nostrum. Aut assumenda quis est fugit cumque non repellendus.', 3, '2018-06-15 08:28:04', '2018-06-15 08:28:04'),
(242, 47, 'Dr. Scottie Welch', 'Est molestiae doloribus dolorem tenetur. Impedit qui ea deserunt ut aperiam sed totam et. Sequi dolorem eos harum voluptatibus vel ea quo. Nam dolores quis neque dolorem aliquid earum.', 4, '2018-06-15 08:28:04', '2018-06-15 08:28:04'),
(243, 17, 'Humberto Wolf', 'Quasi voluptates praesentium nihil inventore. Enim in non totam et molestiae omnis. Deserunt voluptatem omnis nam adipisci saepe molestiae exercitationem quisquam.', 2, '2018-06-15 08:28:04', '2018-06-15 08:28:04'),
(244, 43, 'Kayden Bergstrom', 'Voluptate est autem non esse ex facilis neque. Quis distinctio cum voluptatum nulla recusandae qui ea animi. Quisquam voluptatem suscipit molestiae velit.', 3, '2018-06-15 08:28:04', '2018-06-15 08:28:04'),
(245, 35, 'Clark Gorczany', 'Id cum eum rem dolores optio fugit reiciendis. Recusandae cumque occaecati ut nobis et laborum voluptatem vel. Non asperiores rem libero suscipit ut. Quis voluptatibus itaque in est possimus dolores.', 2, '2018-06-15 08:28:04', '2018-06-15 08:28:04'),
(246, 26, 'Milford Senger', 'Exercitationem est exercitationem sapiente. Nisi minima fugit nam similique. Distinctio eligendi et qui in eum. Esse natus sunt quibusdam ipsum est amet corrupti.', 5, '2018-06-15 08:28:04', '2018-06-15 08:28:04'),
(247, 32, 'Randy Block', 'Aut et aut voluptate. Rerum libero et harum labore. At voluptas facere ipsam ut harum. Odit non labore occaecati maiores.', 4, '2018-06-15 08:28:04', '2018-06-15 08:28:04'),
(248, 26, 'Tara Metz DVM', 'Veniam qui quibusdam praesentium consequatur. Ea error cupiditate sequi ducimus incidunt vero necessitatibus. Possimus sed omnis vero aliquam cupiditate.', 4, '2018-06-15 08:28:04', '2018-06-15 08:28:04'),
(249, 36, 'Dr. Lilian Cormier', 'Provident veniam eveniet maxime earum. Magni totam ipsum aliquam corporis. Quia modi labore repellat dicta. Accusamus ullam dignissimos molestiae minima maxime officiis laudantium.', 1, '2018-06-15 08:28:04', '2018-06-15 08:28:04'),
(250, 38, 'Chaim Parker', 'Beatae nihil qui error veritatis omnis ex illo. Recusandae labore ullam eos eius possimus eum et. Nobis culpa nemo dolorum libero consequuntur. Eum illo eos nihil cumque aliquam quos voluptate nam. Amet in modi totam veritatis omnis.', 2, '2018-06-15 08:28:04', '2018-06-15 08:28:04'),
(251, 35, 'Leonora Lehner', 'Eos quibusdam exercitationem voluptas est. Quod ipsam ipsum maxime dolorem quo incidunt dolorem minus.', 5, '2018-06-15 08:28:04', '2018-06-15 08:28:04'),
(252, 46, 'Bartholome Watsica', 'Aut veritatis provident et. Aut rerum optio accusantium sint excepturi. Officia dolores soluta qui numquam.', 3, '2018-06-15 08:28:04', '2018-06-15 08:28:04'),
(253, 18, 'Ashton Gaylord', 'Eligendi atque numquam nisi vel est. Corporis quia optio ad quidem quis vel. Facilis laboriosam ullam alias corporis ea. Sed et ut consequatur.', 5, '2018-06-15 08:28:04', '2018-06-15 08:28:04'),
(254, 28, 'Kayleigh Pouros', 'Illo officiis omnis eum tempore sit et. Repudiandae et sit consectetur saepe. Veniam culpa suscipit ab laudantium dolorem necessitatibus. Harum odio ipsa enim qui recusandae quasi ut deserunt. Totam eos cumque impedit explicabo recusandae.', 3, '2018-06-15 08:28:04', '2018-06-15 08:28:04'),
(255, 7, 'Kobe Jakubowski', 'Et quidem aspernatur error et est quia ut. Voluptatem id est rerum laudantium. Voluptatem voluptas dolor et et ea. Omnis aliquam officia unde doloremque.', 1, '2018-06-15 08:28:04', '2018-06-15 08:28:04'),
(256, 19, 'Prof. Antonetta Reynolds', 'Debitis ipsa architecto in ullam temporibus sit voluptatem. Et et enim nemo libero dolores minima deserunt. Voluptas rerum et nulla ratione culpa.', 2, '2018-06-15 08:28:04', '2018-06-15 08:28:04'),
(257, 42, 'Leone Mante', 'Id mollitia eos consequuntur quisquam earum est. Blanditiis et molestiae ad nesciunt quia fuga quas. Molestias sit id aut quia dignissimos sint voluptate.', 3, '2018-06-15 08:28:04', '2018-06-15 08:28:04'),
(258, 47, 'Pedro Friesen', 'Commodi laboriosam quo aut dolorem. Sequi corporis iste fuga. Ut possimus et sed sunt sunt ab fugiat. Qui sed est in sunt.', 1, '2018-06-15 08:28:04', '2018-06-15 08:28:04'),
(259, 25, 'Carlo Cummings', 'Voluptatum enim nesciunt saepe aliquam sed. Voluptatum et id tenetur tempore molestiae. Sit voluptatem culpa dolorum. Cupiditate numquam odio sint.', 4, '2018-06-15 08:28:04', '2018-06-15 08:28:04'),
(260, 1, 'Jabari O\'Kon', 'Velit numquam ad doloremque dolores non eos. Dignissimos veritatis nihil ea illum rem pariatur repellat iste. Voluptatum non atque tenetur est quis consectetur. Quia sit neque quia odit cupiditate explicabo culpa.', 3, '2018-06-15 08:28:05', '2018-06-15 08:28:05'),
(261, 1, 'Dr. Nathen Johns V', 'Explicabo aliquam esse molestias et. Rerum corporis est maiores. Qui odio commodi quos ipsam id quae. Et vitae dolores id hic adipisci qui rem.', 0, '2018-06-15 08:28:05', '2018-06-15 08:28:05'),
(262, 19, 'Prof. Krystel Oberbrunner', 'Doloribus rem voluptatem et quaerat minus sit sapiente adipisci. Porro dolorum esse quisquam sed sed id ad reiciendis. Placeat mollitia maxime odit et enim voluptatem qui. Ut quisquam quo iste occaecati provident nostrum.', 1, '2018-06-15 08:28:05', '2018-06-15 08:28:05'),
(263, 30, 'Mr. Jamaal Macejkovic IV', 'Error facere consequatur minima id. Et velit iusto assumenda consequatur sunt corporis. Saepe consequatur ipsa sed corrupti repudiandae odio odit. Ullam officia labore reiciendis ipsum accusamus quibusdam eaque.', 1, '2018-06-15 08:28:05', '2018-06-15 08:28:05'),
(264, 8, 'Tyrique Graham', 'Dolor veritatis cupiditate fugit sequi totam quia facilis. Est consequatur sit adipisci excepturi quia eos. Est est nulla placeat rerum temporibus dolor praesentium distinctio.', 0, '2018-06-15 08:28:05', '2018-06-15 08:28:05'),
(265, 49, 'Jalon Hettinger', 'Repudiandae autem et est ratione rerum nam. Non dolorem dolor doloribus cum praesentium ullam. Aut quae beatae illum deserunt saepe enim. Quisquam eos ut nisi veniam earum est.', 1, '2018-06-15 08:28:05', '2018-06-15 08:28:05'),
(266, 37, 'Ian DuBuque', 'Dolor vero quis asperiores fugit quod. Praesentium reiciendis excepturi explicabo quia ipsum. Et vel quia libero aliquid aliquam eius est. A corrupti sed officia illo qui quisquam et.', 0, '2018-06-15 08:28:05', '2018-06-15 08:28:05'),
(267, 31, 'Amina Watsica Jr.', 'Tempora ipsa hic architecto pariatur. Omnis magni nobis est placeat quibusdam explicabo. Dolorum laborum magnam sunt qui atque hic. Ut a laudantium qui omnis ducimus voluptatem numquam.', 1, '2018-06-15 08:28:05', '2018-06-15 08:28:05'),
(268, 36, 'Ms. Caleigh Larkin MD', 'Exercitationem voluptatem tempora totam qui. Dicta expedita itaque vel praesentium. Autem deleniti qui voluptatem error. Quae qui non optio voluptatum quos sint tenetur.', 1, '2018-06-15 08:28:05', '2018-06-15 08:28:05'),
(269, 23, 'Isaiah Johnson', 'Amet similique non dignissimos quis omnis in sit animi. Aut autem assumenda dolorem commodi error et. Voluptatem porro incidunt eum et dignissimos quae.', 1, '2018-06-15 08:28:05', '2018-06-15 08:28:05'),
(270, 25, 'Dr. Jonatan Schuster', 'Ad itaque quia voluptas quibusdam. Rerum dolorem odit vel expedita odio officiis consequuntur. Qui earum eos cupiditate nisi et. Molestiae praesentium molestias iure consequatur quam.', 1, '2018-06-15 08:28:05', '2018-06-15 08:28:05'),
(271, 10, 'Miss Oleta Gaylord', 'Deserunt reiciendis totam maxime provident sequi rerum. Ut quos voluptates autem sed consequatur. Est eius sunt non deserunt modi nam voluptatem qui.', 0, '2018-06-15 08:28:05', '2018-06-15 08:28:05'),
(272, 15, 'Marques Hirthe', 'Est libero excepturi quia et at vel error. Omnis voluptas perspiciatis quisquam animi amet ullam rerum et. Eaque beatae accusantium odio facere architecto enim reiciendis. Est reiciendis cum corrupti.', 5, '2018-06-15 08:28:05', '2018-06-15 08:28:05'),
(273, 10, 'Prof. Angelita Lindgren', 'Distinctio voluptatum aut aut. Aspernatur perferendis perferendis nulla itaque dolor nesciunt. Vel voluptatibus at pariatur repudiandae totam sed. Est et qui voluptatem voluptatibus dolor.', 0, '2018-06-15 08:28:05', '2018-06-15 08:28:05'),
(274, 46, 'Emilie Hauck', 'Omnis et non dolor praesentium placeat commodi occaecati. Qui qui aliquid unde nihil totam reprehenderit.', 5, '2018-06-15 08:28:05', '2018-06-15 08:28:05'),
(275, 50, 'Corrine Douglas', 'Natus pariatur delectus exercitationem nam. Neque maxime molestiae accusantium nihil quae. Aperiam minus sed saepe non in illo id. Eius labore aliquid est totam.', 1, '2018-06-15 08:28:05', '2018-06-15 08:28:05'),
(276, 2, 'Stacey Lemke', 'Et provident cumque non tempore reprehenderit architecto. Harum dolor aliquam quas vel veritatis ut sed. Soluta ullam sit omnis dolores sit. Totam molestias reprehenderit placeat voluptas vel.', 3, '2018-06-15 08:28:05', '2018-06-15 08:28:05'),
(277, 29, 'Katrina Ernser', 'Expedita laudantium et optio eligendi perspiciatis magnam qui. Error et dolor assumenda dolor. Et quia natus sint illum.', 5, '2018-06-15 08:28:05', '2018-06-15 08:28:05'),
(278, 48, 'Myrtice Nolan II', 'Eveniet expedita atque aut rem ad. Error optio excepturi ut et est eaque beatae eos. Omnis at adipisci ut nam ducimus repellendus soluta. Magni minus nihil fugit ut.', 4, '2018-06-15 08:28:05', '2018-06-15 08:28:05'),
(279, 9, 'Elva Zemlak', 'Alias praesentium voluptate ducimus. Quaerat omnis voluptas placeat rerum beatae. Quisquam consectetur omnis sed iusto qui dolores. Perferendis asperiores consequatur qui fuga eveniet molestiae inventore.', 0, '2018-06-15 08:28:05', '2018-06-15 08:28:05'),
(280, 28, 'Sibyl Block', 'Velit laborum quis et maxime qui. Aliquid molestiae laboriosam voluptatibus animi harum. Voluptas officia tempore a cum repellendus optio. Iste et et tenetur qui voluptatum impedit modi.', 5, '2018-06-15 08:28:05', '2018-06-15 08:28:05'),
(281, 7, 'Dr. Orlo Nitzsche', 'Reiciendis quam sed ut. Eum ratione officiis repellendus. Quia et eaque harum nihil ipsam architecto vel.', 0, '2018-06-15 08:28:05', '2018-06-15 08:28:05'),
(282, 21, 'Logan Hammes', 'Non in quia hic sint minus voluptas. Enim quis molestiae sunt autem sit. Et pariatur possimus ut.', 2, '2018-06-15 08:28:05', '2018-06-15 08:28:05'),
(283, 34, 'Dr. Reed Casper', 'Beatae sed et facere nihil provident repudiandae est. Occaecati cupiditate et ducimus et reiciendis molestias itaque enim. Reprehenderit autem sit consequatur. Temporibus expedita quae dolore magni libero cumque.', 0, '2018-06-15 08:28:05', '2018-06-15 08:28:05'),
(284, 48, 'Mrs. Lillie Cartwright III', 'Ullam qui soluta suscipit repudiandae ut doloribus in. Odio consequatur necessitatibus pariatur. Repudiandae officia sed nobis laborum repellat odit.', 4, '2018-06-15 08:28:06', '2018-06-15 08:28:06'),
(285, 9, 'Pansy Aufderhar', 'Modi esse amet ratione eligendi reprehenderit vel. Dolores aliquam nostrum ratione quia sed dolorem id. Molestiae molestiae ut deserunt dolor ut maxime consequuntur.', 0, '2018-06-15 08:28:06', '2018-06-15 08:28:06'),
(286, 33, 'Sidney Glover', 'Voluptatibus ratione est cumque et. Et magni non praesentium consequuntur dolor. Quo dignissimos aliquid a corporis. Ut nostrum magnam dignissimos aut praesentium eos rerum.', 2, '2018-06-15 08:28:06', '2018-06-15 08:28:06'),
(287, 47, 'Emma Weissnat', 'Error nihil et magnam ex pariatur saepe. Dolorem ducimus voluptatibus libero ea qui dignissimos maxime. Deleniti dignissimos non fuga.', 3, '2018-06-15 08:28:06', '2018-06-15 08:28:06'),
(288, 47, 'Forrest O\'Keefe', 'Quia corporis enim recusandae nemo sint quam. Eos quod provident rerum. Sed sunt exercitationem vitae blanditiis fugiat quis harum. Cum earum aut sed.', 3, '2018-06-15 08:28:06', '2018-06-15 08:28:06'),
(289, 40, 'Kelton Witting', 'Quod ipsum minus tempore quod incidunt qui ratione. Animi reiciendis ipsum cupiditate natus. Distinctio dolor eos amet.', 1, '2018-06-15 08:28:06', '2018-06-15 08:28:06'),
(290, 25, 'Rocio Hickle Sr.', 'Quibusdam expedita incidunt dolore qui distinctio tempore. Soluta doloremque voluptas nihil voluptatibus debitis modi omnis. Ipsa natus blanditiis nesciunt deserunt odit adipisci dolores. Neque eos adipisci occaecati ipsam. At et maiores recusandae in ut qui.', 5, '2018-06-15 08:28:06', '2018-06-15 08:28:06'),
(291, 34, 'Prof. Lavina Hodkiewicz', 'Enim impedit rerum esse recusandae amet sint. Provident voluptas itaque accusamus qui. Voluptatem rerum quia maiores animi eum omnis assumenda. Ut nostrum corporis atque dolore est vero et unde.', 0, '2018-06-15 08:28:06', '2018-06-15 08:28:06'),
(292, 34, 'Dusty Olson', 'Itaque ut voluptatem aliquam dolor eius. Cum sequi molestiae est officia nihil modi expedita. Sint laudantium a odit. Repellat qui doloribus libero voluptas iure non dolorem. Sit necessitatibus id cumque quaerat.', 1, '2018-06-15 08:28:06', '2018-06-15 08:28:06'),
(293, 39, 'Delfina Runolfsdottir', 'Labore et maiores odio est. Repellat quos in nostrum soluta tempore a repellat. Eaque ut et ducimus enim.', 3, '2018-06-15 08:28:06', '2018-06-15 08:28:06'),
(294, 2, 'Efrain Hickle', 'Exercitationem voluptates consequatur dolorem quasi sint expedita similique. Corrupti consequatur vel cupiditate modi. Totam quae non ut rerum similique illum.', 2, '2018-06-15 08:28:06', '2018-06-15 08:28:06'),
(295, 2, 'Ms. Estelle Bechtelar V', 'Autem dolor perspiciatis fugit eaque veritatis autem debitis. Assumenda veniam deleniti esse rerum voluptatem quaerat necessitatibus. Repellat sit officia veritatis numquam ipsum dolore.', 1, '2018-06-15 08:28:06', '2018-06-15 08:28:06'),
(296, 12, 'Kaleb Bashirian', 'Omnis atque non dolores ad voluptate error et. Quos ut eaque est impedit non dolor. Qui consequatur in illum blanditiis mollitia consequatur.', 5, '2018-06-15 08:28:06', '2018-06-15 08:28:06'),
(297, 13, 'Prof. Winnifred Walter IV', 'Aut architecto quia laboriosam dicta ratione. Et est a architecto ea rerum qui. Modi voluptatibus enim non odit. Sint quia necessitatibus maxime et quibusdam nisi tempore repudiandae.', 2, '2018-06-15 08:28:06', '2018-06-15 08:28:06'),
(298, 4, 'Elenor Farrell V', 'Nam voluptatem quia laborum repellendus officia. Ducimus temporibus aut autem velit quisquam et. Delectus tempora nobis non quia nemo nisi. Molestiae alias enim tempora sit.', 4, '2018-06-15 08:28:06', '2018-06-15 08:28:06'),
(299, 9, 'Kelli Weimann', 'Et consectetur modi eligendi accusamus quae. Quam totam enim unde repudiandae porro a. Omnis ipsum repudiandae quo omnis qui optio. Et quis ab natus vel illum laudantium illo aut.', 2, '2018-06-15 08:28:06', '2018-06-15 08:28:06'),
(300, 14, 'Annette Blanda II', 'Excepturi pariatur earum qui dolorem quasi et fugit. Quasi eius et quia distinctio. Pariatur aut nihil aperiam culpa.', 0, '2018-06-15 08:28:06', '2018-06-15 08:28:06');

-- --------------------------------------------------------

--
-- Table structure for table `users`
--

CREATE TABLE `users` (
  `id` int(10) UNSIGNED NOT NULL,
  `name` varchar(191) COLLATE utf8mb4_unicode_ci NOT NULL,
  `email` varchar(191) COLLATE utf8mb4_unicode_ci NOT NULL,
  `password` varchar(191) COLLATE utf8mb4_unicode_ci NOT NULL,
  `remember_token` varchar(100) COLLATE utf8mb4_unicode_ci DEFAULT NULL,
  `created_at` timestamp NULL DEFAULT NULL,
  `updated_at` timestamp NULL DEFAULT NULL
) ENGINE=InnoDB DEFAULT CHARSET=utf8mb4 COLLATE=utf8mb4_unicode_ci;

--
-- Indexes for dumped tables
--

--
-- Indexes for table `migrations`
--
ALTER TABLE `migrations`
  ADD PRIMARY KEY (`id`);

--
-- Indexes for table `password_resets`
--
ALTER TABLE `password_resets`
  ADD KEY `password_resets_email_index` (`email`);

--
-- Indexes for table `products`
--
ALTER TABLE `products`
  ADD PRIMARY KEY (`id`);

--
-- Indexes for table `reviews`
--
ALTER TABLE `reviews`
  ADD PRIMARY KEY (`id`),
  ADD KEY `reviews_product_id_index` (`product_id`);

--
-- Indexes for table `users`
--
ALTER TABLE `users`
  ADD PRIMARY KEY (`id`),
  ADD UNIQUE KEY `users_email_unique` (`email`);

--
-- AUTO_INCREMENT for dumped tables
--

--
-- AUTO_INCREMENT for table `migrations`
--
ALTER TABLE `migrations`
  MODIFY `id` int(10) UNSIGNED NOT NULL AUTO_INCREMENT, AUTO_INCREMENT=5;

--
-- AUTO_INCREMENT for table `products`
--
ALTER TABLE `products`
  MODIFY `id` int(10) UNSIGNED NOT NULL AUTO_INCREMENT, AUTO_INCREMENT=51;

--
-- AUTO_INCREMENT for table `reviews`
--
ALTER TABLE `reviews`
  MODIFY `id` int(10) UNSIGNED NOT NULL AUTO_INCREMENT, AUTO_INCREMENT=301;

--
-- AUTO_INCREMENT for table `users`
--
ALTER TABLE `users`
  MODIFY `id` int(10) UNSIGNED NOT NULL AUTO_INCREMENT;

--
-- Constraints for dumped tables
--

--
-- Constraints for table `reviews`
--
ALTER TABLE `reviews`
  ADD CONSTRAINT `reviews_product_id_foreign` FOREIGN KEY (`product_id`) REFERENCES `products` (`id`) ON DELETE CASCADE;
COMMIT;

/*!40101 SET CHARACTER_SET_CLIENT=@OLD_CHARACTER_SET_CLIENT */;
/*!40101 SET CHARACTER_SET_RESULTS=@OLD_CHARACTER_SET_RESULTS */;
/*!40101 SET COLLATION_CONNECTION=@OLD_COLLATION_CONNECTION */;
